Source,Target,Edge_Freq
0,2379,1
1,2228,1
1,2828,1
1,3175,1
2,103,1
2,3141,1
2,3437,1
3,4,1
5,1921,1
5,3126,1
6,2589,1
6,3098,1
7,2092,1
7,2448,1
10,74,1
10,196,1
10,319,1
10,399,1
10,1048,1
10,1088,1
10,1338,1
10,1719,1
10,1768,1
10,1785,1
10,1964,1
10,2157,1
10,2301,1
10,2801,1
10,3013,1
10,3295,1
12,2491,1
12,2622,1
12,3409,1
13,614,1
14,1277,1
15,2306,1
15,2411,1
15,2412,1
16,1430,1
17,1299,1
17,1555,1
17,1792,1
17,3461,1
18,1258,1
18,2522,1
18,2546,1
18,2898,1
18,3274,2
19,928,1
19,1658,1
19,2999,1
20,2999,1
20,3319,1
21,2265,1
21,2605,1
21,3069,1
22,1299,1
22,1544,1
22,2706,1
23,25,1
23,2133,1
23,2364,1
23,2485,1
25,2133,1
25,2364,1
25,2485,1
26,3320,1
27,87,1
27,1285,1
27,2726,1
27,2937,1
28,737,1
28,1855,1
28,2294,1
29,3096,1
29,3233,1
30,769,1
31,1781,1
32,997,1
32,2140,1
32,2141,1
32,2142,1
32,2676,1
32,2947,1
33,43,1
33,44,1
33,45,1
34,2251,1
34,3047,1
35,48,1
35,54,1
35,743,1
36,97,1
36,99,1
36,1072,1
36,1249,1
36,3497,1
36,3498,1
37,89,1
37,1375,1
37,1490,1
38,227,1
38,713,1
39,2876,1
40,817,1
42,417,1
42,1356,1
42,1999,1
43,44,1
43,45,1
44,45,1
46,110,1
46,111,1
47,672,1
47,1309,1
47,1397,1
48,54,1
48,743,1
49,64,1
49,1483,1
50,147,1
51,109,1
52,891,1
52,1074,1
53,424,1
54,743,1
55,1948,1
56,129,1
56,1299,1
56,1534,1
57,69,2
59,92,1
60,62,2
60,1236,1
60,2892,1
60,3350,1
61,62,1
62,577,1
62,1236,1
62,2892,1
62,3350,1
63,845,1
63,846,1
63,1557,1
64,1483,1
66,3198,1
66,3250,1
67,802,1
67,813,1
67,1505,1
68,319,1
68,713,1
68,2695,1
69,117,1
69,445,1
69,697,1
69,905,4
69,1494,2
69,1607,5
69,1875,1
69,1885,1
70,905,1
70,1607,1
71,1724,1
73,199,2
73,1274,2
73,1680,2
74,234,1
74,1368,1
74,1719,2
74,1765,1
75,951,1
75,2529,1
76,272,1
76,1508,1
76,2495,1
77,1715,1
77,2681,1
78,248,1
78,2830,1
79,519,1
80,1999,1
80,2492,1
81,177,1
82,185,1
82,2432,1
82,2433,1
83,1152,1
84,3114,1
85,273,1
85,1760,1
86,155,1
86,191,1
86,372,1
86,500,1
86,1296,1
86,1832,1
86,1998,1
86,3166,1
87,273,1
87,319,1
87,368,1
87,434,1
87,460,1
87,579,1
87,1199,1
87,1208,1
87,1285,1
87,1336,1
87,1431,1
87,1505,1
87,1717,1
87,1785,1
87,2061,1
87,2410,1
87,2426,1
87,2636,1
87,2695,1
87,2726,1
87,2937,1
87,3481,1
87,3482,1
88,1703,1
89,1375,1
89,1490,1
90,1296,1
90,1532,1
90,1682,1
90,1699,1
91,1445,1
91,1592,1
93,884,1
93,1862,1
94,533,1
94,3257,1
94,3430,1
95,976,1
95,2724,1
95,3036,1
95,3332,1
96,438,1
97,99,1
97,1072,1
97,1249,1
97,3497,1
97,3498,1
99,1072,1
99,1249,1
99,3497,1
99,3498,1
101,1055,1
102,561,1
102,1212,1
103,3141,1
103,3437,1
104,105,1
104,2695,1
105,2695,1
106,1868,1
107,268,1
107,952,1
107,3375,1
108,501,1
108,778,1
108,895,1
108,1759,1
110,111,1
112,1544,1
114,1066,1
115,1073,1
115,2193,1
115,3503,1
115,3504,1
116,757,1
116,1327,1
116,1328,1
117,905,1
117,1494,1
117,1607,1
119,730,1
119,802,1
119,1603,1
119,1726,1
119,2858,1
121,1290,1
121,1299,1
121,1645,1
121,2907,1
121,3144,1
122,567,1
122,770,1
122,1108,1
124,531,1
124,861,1
125,1165,1
125,1660,1
126,638,1
126,733,1
126,876,1
126,1099,1
126,1408,1
126,1409,1
127,3151,1
127,3405,1
127,3406,1
128,836,1
128,2619,1
129,1299,1
129,1534,1
130,1426,1
130,2049,1
130,2384,1
130,3232,1
131,341,1
131,747,1
131,750,1
131,751,1
131,791,1
132,960,1
133,1483,1
133,1529,1
133,1804,1
134,2495,2
134,2873,2
135,2793,1
135,2794,1
135,2819,1
135,3031,1
135,3383,1
135,3391,1
136,1599,1
136,1999,1
136,2406,1
137,1299,1
138,2323,1
139,1970,1
139,2088,1
140,3058,1
141,854,1
141,1489,1
142,181,1
142,355,1
142,356,1
142,458,1
142,785,1
142,837,2
142,983,1
142,1035,1
142,1336,1
142,1528,3
142,1682,1
143,2147,1
143,3389,1
144,2890,1
145,3039,1
148,821,1
149,228,1
149,311,1
149,466,1
149,765,2
149,807,1
149,917,1
149,1013,1
149,1129,1
149,1131,1
149,1132,1
149,1160,1
149,1494,6
149,1795,2
149,2820,1
150,1299,1
150,1452,1
151,1299,1
151,2239,1
151,2657,1
151,2913,1
152,1097,1
153,797,1
153,1785,1
155,191,1
155,372,1
155,1832,1
156,355,1
156,1364,1
156,1626,1
156,1677,1
156,1817,1
157,3175,1
157,3200,1
158,1018,1
158,2480,1
159,1369,1
159,1444,1
159,3024,1
161,588,1
161,978,1
161,1635,1
162,242,1
162,721,1
162,729,1
162,1728,1
163,180,1
163,942,1
163,973,1
164,577,1
164,1240,1
164,1483,1
164,1491,1
165,1438,1
166,300,1
167,328,1
167,347,1
167,902,1
167,1007,1
167,1193,1
167,1466,1
167,1472,1
167,1617,1
169,576,1
169,1510,1
169,1529,1
169,1531,1
169,1532,1
169,1542,1
169,1634,1
169,2477,1
170,313,1
170,1530,1
170,2778,1
171,1405,1
171,2989,1
172,677,1
172,694,1
172,1610,1
173,1812,1
173,3038,1
173,3121,1
173,3279,1
174,408,1
174,1076,1
174,1101,1
174,1550,1
174,1673,1
175,718,1
175,1867,1
176,1299,1
176,1529,1
176,2961,1
178,1365,1
179,858,4
179,2969,1
179,3275,1
180,942,1
180,973,1
180,1996,1
180,3419,1
181,198,1
181,432,1
181,435,1
181,536,2
181,656,1
181,837,2
181,897,1
181,983,1
181,984,1
181,1003,2
181,1123,1
181,1299,1
181,1445,1
181,1451,2
181,1452,1
181,1528,1
181,1544,1
181,1682,2
182,1988,1
182,2842,1
183,188,1
183,939,2
183,940,1
183,941,1
183,1093,1
183,1564,1
184,1479,1
184,3324,1
185,2432,1
185,2433,1
186,312,1
186,3499,1
187,428,2
187,813,2
188,939,1
188,1564,1
189,815,1
189,839,1
189,1208,1
189,1320,1
189,1791,1
189,1853,1
190,1785,1
191,372,1
191,1832,1
192,1323,1
192,1464,1
193,518,1
194,907,1
194,1049,1
194,2679,1
195,773,1
195,1040,1
195,1186,1
195,1410,1
196,1048,1
196,1338,1
196,1768,1
196,1785,1
196,2801,1
197,1755,1
197,2490,1
198,1299,1
198,1452,1
198,1544,1
198,1682,1
198,2776,1
199,1274,2
199,1680,2
202,1299,1
202,1452,1
203,395,1
203,516,1
203,570,1
203,589,1
203,800,1
204,1609,1
205,1777,1
206,216,1
206,643,1
206,1814,1
207,782,1
207,1762,1
207,2786,1
208,482,1
208,3354,1
210,2021,1
210,2679,1
211,231,1
211,1719,1
211,2027,1
212,1739,1
212,2760,1
213,1811,1
213,3168,1
215,913,1
215,914,1
216,643,1
216,1814,1
217,1062,1
217,1106,1
217,1497,1
217,2295,1
218,724,1
218,1061,1
218,1308,1
219,220,1
219,221,1
219,222,1
220,221,1
220,222,1
221,222,1
223,565,1
223,1088,1
223,1173,1
223,1250,1
223,2491,1
224,365,1
224,1878,1
224,2920,1
225,577,1
225,1485,1
225,3068,1
226,1431,1
227,228,1
227,466,1
227,713,1
227,845,1
227,944,1
227,1128,1
227,1156,1
227,1315,1
227,1358,1
227,1669,1
227,1796,1
227,1797,1
228,271,1
228,504,1
228,995,1
228,1128,1
228,1129,1
228,1131,1
228,1132,1
228,1159,1
228,1494,2
228,1637,1
228,1641,1
228,1672,1
228,1700,1
228,1849,1
228,2175,1
228,2820,1
229,1042,1
229,1330,1
230,1205,1
231,495,1
231,544,1
231,605,1
231,982,1
231,2027,1
231,3395,1
232,1235,1
232,3104,1
233,1000,2
233,1935,2
233,2495,2
233,2522,2
233,3015,2
234,1368,1
234,1719,1
235,543,1
235,1099,1
235,1424,1
236,1754,1
236,3089,1
237,495,1
237,525,1
238,293,1
238,580,1
239,933,1
239,2150,1
240,1302,1
240,1834,1
241,776,1
242,721,1
242,729,1
242,1728,1
243,291,1
243,642,1
243,1837,1
244,1129,1
244,1132,1
244,1334,1
244,2820,1
245,370,1
245,986,1
245,1554,1
245,1612,1
245,1846,1
245,3058,1
246,568,1
247,1790,1
248,2830,1
250,504,1
250,1252,1
250,1713,1
251,319,1
251,1023,1
251,2006,1
251,2429,1
252,273,1
252,319,1
252,366,1
252,440,1
252,477,1
252,595,1
252,612,1
252,697,2
252,1682,1
252,1785,3
254,1603,1
255,2812,1
255,3206,1
255,3475,1
256,1370,1
256,1855,1
256,1856,1
256,1857,1
256,1858,1
259,260,1
259,539,1
260,539,1
261,2396,1
261,2397,1
262,488,1
262,490,1
262,521,1
262,746,1
263,981,1
265,1414,1
265,1863,1
265,1864,1
268,952,1
268,3375,1
269,2583,1
269,3381,1
270,1041,1
270,1319,1
271,995,1
271,1637,1
271,1641,1
271,1700,1
271,1849,1
272,1508,1
272,2495,1
273,440,1
273,477,1
273,595,1
273,612,1
273,1127,2
273,1682,1
273,1742,2
274,2091,1
274,3138,1
274,3389,1
276,319,1
277,864,1
278,945,1
278,1502,1
278,1532,1
278,1804,1
278,1835,1
279,1121,1
279,1357,1
280,1067,1
281,538,1
281,2933,1
282,1425,1
282,3066,1
283,1040,1
283,1041,1
284,355,1
284,505,1
284,584,1
284,833,1
284,1271,1
284,1364,1
286,638,1
286,1296,1
286,1525,1
287,1759,1
288,1681,1
288,2088,1
289,711,1
289,2067,1
290,1322,1
291,642,1
291,1837,1
292,1751,1
293,580,1
295,335,1
295,510,1
295,592,1
295,651,1
295,1257,1
295,1758,1
296,697,1
296,892,1
296,1251,1
297,2277,1
297,2491,1
298,1505,1
299,301,1
299,577,1
299,1483,1
299,2340,1
299,3119,1
300,457,1
300,1157,1
300,1881,1
301,577,1
301,1483,1
301,2340,1
301,3119,1
302,986,1
302,1977,1
302,3034,1
303,2077,1
305,2122,1
305,2235,1
305,2259,1
307,860,1
308,1091,1
312,3499,1
313,1530,1
313,2778,1
314,638,1
315,827,2
315,2615,1
317,782,1
317,796,1
317,819,1
318,1855,1
319,324,1
319,429,1
319,523,1
319,697,1
319,779,1
319,802,1
319,809,1
319,813,2
319,827,1
319,883,1
319,1109,1
319,1202,1
319,1369,1
319,1460,1
319,1502,1
319,1728,1
319,1742,1
319,1764,1
319,1785,2
319,1800,1
319,1855,1
319,1858,1
319,2092,1
319,2104,1
319,2139,1
319,2185,1
319,2301,1
319,2304,1
319,2306,2
319,2322,1
319,2437,1
319,2557,1
319,2647,1
319,2695,2
319,2803,1
319,2898,1
319,3165,1
319,3452,1
321,601,1
321,603,1
321,1858,2
321,2907,1
322,467,1
322,898,1
323,2644,1
323,2887,1
323,2898,1
323,2968,1
323,3073,1
323,3264,1
324,3452,1
326,2870,1
327,1548,1
328,347,1
328,902,1
328,1007,1
328,1193,1
328,1466,1
328,1472,1
328,1617,1
329,360,1
329,377,1
330,1172,1
331,716,1
331,994,1
331,1087,1
332,1242,1
333,364,1
333,1825,1
333,2386,1
334,2737,1
334,2802,1
334,2814,1
334,2815,1
334,3101,1
335,336,1
335,510,1
335,592,1
335,651,1
335,1257,1
335,1758,1
335,2124,1
337,3229,1
339,685,1
339,1624,1
340,420,1
340,1208,1
340,1374,1
340,1694,1
340,1859,1
340,2800,1
341,747,1
341,750,1
341,751,1
341,791,1
341,1951,1
342,343,1
342,1978,1
342,3389,1
343,1978,1
343,3389,1
344,1041,1
344,1299,1
344,1452,1
345,756,1
345,1230,1
346,1269,1
347,902,1
347,1007,1
347,1193,1
347,1466,1
347,1472,1
347,1617,1
348,1278,1
349,480,1
350,926,1
350,1102,1
350,2942,1
351,1471,1
351,1813,1
351,3129,1
352,1483,1
353,575,1
353,2069,1
353,2200,1
353,2365,1
354,1691,1
354,3325,1
355,410,1
355,458,1
355,505,1
355,584,1
355,785,1
355,830,1
355,833,1
355,837,1
355,858,1
355,1021,1
355,1271,1
355,1364,2
355,1528,1
355,1626,1
355,1677,1
355,1682,1
355,1817,1
355,1830,1
356,983,1
356,1035,1
356,1336,1
356,1528,1
357,904,1
357,3092,1
358,577,1
358,1041,1
358,1299,1
358,1551,1
358,1552,1
358,1858,1
359,2767,1
360,377,1
361,1140,1
361,1450,1
361,1728,1
362,561,1
362,1529,1
362,2258,1
363,453,1
363,908,1
364,1825,1
364,2386,1
365,1878,1
365,2920,1
368,579,1
368,1199,1
368,2061,1
368,2426,1
368,2636,1
369,3389,1
370,986,1
370,1554,1
370,1846,1
372,1832,1
373,2066,1
374,1598,1
375,376,1
375,1281,1
376,1281,1
378,1435,1
378,1440,1
379,1559,1
380,2469,1
381,1162,1
381,1475,1
381,1476,1
382,385,1
383,547,2
383,3027,2
384,1771,1
384,2275,1
386,1203,1
387,3131,1
388,885,1
388,3022,1
389,530,1
389,587,1
390,466,1
390,1551,1
390,1826,1
391,491,1
391,871,1
391,1220,1
392,1824,1
393,992,1
393,1033,1
394,2204,1
395,472,1
395,516,1
395,570,1
395,589,1
395,800,1
395,2008,1
395,2764,1
396,2097,1
397,455,1
397,804,1
397,813,1
397,954,1
398,560,1
398,1057,1
398,1697,1
400,725,1
400,831,1
401,684,1
401,977,1
401,1614,1
402,2214,1
402,2224,1
402,2571,1
402,2921,1
403,1906,2
403,3343,2
404,1579,1
405,816,3
405,1388,1
405,2250,1
405,2618,3
405,2625,1
405,2653,1
405,2694,1
405,3085,1
405,3192,1
405,3199,1
406,1713,1
407,466,1
407,1726,1
408,1076,1
408,1101,1
408,1550,1
408,1673,1
408,1682,1
408,2776,1
408,3228,1
409,1829,3
410,858,1
411,1118,1
411,1908,1
411,2450,1
411,3379,1
414,1114,1
415,1175,1
415,1492,1
416,1232,1
416,1273,1
416,2222,1
416,2224,1
417,1356,1
419,545,1
419,1784,1
419,1845,1
420,1208,1
420,1374,1
420,1694,1
420,1859,1
420,2800,1
421,466,1
421,1043,1
421,1551,1
422,1163,1
422,1299,1
423,580,1
425,794,1
425,1833,1
426,1040,1
426,1452,1
428,596,1
428,639,1
428,813,2
429,433,1
429,1299,1
429,1452,1
429,2776,1
430,2010,1
430,2441,1
430,2462,1
431,470,1
431,906,1
431,999,1
431,1336,1
431,1682,1
431,1750,1
431,2039,1
431,2452,1
432,536,1
432,897,1
432,983,1
432,1123,1
432,1163,1
432,1451,1
433,1299,1
433,1452,1
433,2776,1
434,460,1
434,523,1
434,552,1
434,553,1
434,896,1
434,983,1
434,1208,1
434,1336,2
434,1682,1
434,1717,1
434,1817,1
434,2062,1
434,2152,1
434,2677,1
434,3346,1
435,837,1
437,1270,1
439,454,1
439,512,1
439,1153,1
440,477,1
440,595,1
440,612,1
440,1682,1
442,1341,1
443,2898,1
444,599,1
445,697,1
445,1607,1
446,2565,1
447,1529,1
447,1804,1
447,3252,1
448,450,1
448,1799,1
449,450,1
450,1799,1
452,1804,1
453,908,1
454,512,1
454,575,1
454,1153,2
454,3175,1
455,804,1
455,813,1
456,2173,1
457,1157,1
457,1881,1
458,523,1
458,785,1
458,837,1
458,1528,1
458,1734,1
458,3329,1
458,3346,1
459,1542,2
459,2633,1
460,1208,1
460,1336,1
460,1717,1
461,462,1
461,1299,1
461,1608,1
462,640,1
462,641,1
462,1299,1
462,1608,1
462,2086,1
463,1299,1
465,466,1
465,1551,1
465,2852,1
465,2853,1
466,845,1
466,944,1
466,1040,1
466,1041,1
466,1042,1
466,1043,1
466,1053,1
466,1101,1
466,1551,6
466,1692,1
466,1796,1
466,1797,1
466,1826,1
466,2473,1
466,2783,1
466,2852,1
466,2853,1
466,2985,1
466,3228,1
466,3346,1
467,898,1
468,503,1
468,1413,1
469,726,1
469,3043,1
470,906,1
470,999,1
470,1336,1
470,1682,1
470,1750,1
470,2039,1
470,2452,1
471,795,1
471,1253,1
471,1513,1
471,1571,1
471,1612,1
472,2008,1
473,3415,1
474,2024,1
474,2901,1
475,2898,1
476,1294,2
477,595,1
477,612,1
477,1682,1
478,479,1
478,572,1
478,573,1
478,1642,1
478,1694,1
479,572,1
479,573,1
479,1642,1
479,1694,1
480,483,1
480,1282,1
482,1238,1
482,3354,1
483,1282,1
484,1447,1
484,2409,1
484,2701,1
484,3246,1
484,3276,1
485,3204,1
486,702,1
486,799,1
487,799,1
488,490,1
488,521,1
488,746,1
489,753,1
489,754,1
489,2337,1
489,2654,1
489,2763,1
489,3374,1
490,521,1
490,746,1
490,1299,1
491,871,1
491,1220,1
492,1101,1
493,2662,1
494,2806,1
495,525,1
495,639,1
496,1360,1
496,1372,1
496,1385,1
497,1137,1
497,3370,1
498,1744,1
499,569,1
499,1465,1
499,1643,1
500,1998,1
500,3166,1
501,748,1
501,778,1
501,3389,1
502,2959,1
503,1413,1
504,909,1
504,993,1
504,1054,1
504,1252,1
504,1380,1
504,1462,1
504,1568,1
504,1707,1
504,1713,1
504,2038,1
504,3258,1
504,3329,1
504,3343,1
504,3491,1
504,3494,1
505,584,1
505,833,1
505,1271,1
505,1364,1
506,1926,1
506,1927,1
506,2553,1
508,1504,2
508,1623,2
509,680,1
509,1815,1
510,592,1
510,651,1
510,1257,1
510,1758,1
512,1153,1
514,1038,1
514,1040,1
514,1526,1
514,1840,1
514,1876,1
515,2862,1
516,570,1
516,589,1
516,800,1
516,910,1
516,1047,1
516,2324,1
517,1126,1
517,1878,1
520,843,1
520,1502,1
520,2528,1
521,746,1
522,1804,1
523,552,1
523,553,1
523,1505,1
523,1734,1
523,1785,1
523,2062,1
523,2495,1
523,2677,1
523,2697,1
523,3329,1
523,3346,2
524,3203,1
526,1208,1
528,581,1
528,1511,1
528,1704,1
529,1229,1
530,587,1
531,861,1
532,1142,1
532,1542,1
533,3257,1
533,3430,1
534,1029,1
535,1693,1
535,1916,1
535,2628,1
535,2719,1
535,3023,1
535,3067,1
535,3396,1
535,3462,1
536,656,1
536,897,1
536,983,1
536,984,1
536,1003,1
536,1123,1
536,1445,1
536,1451,2
537,2373,1
537,2376,1
538,2933,1
541,562,1
541,1297,1
542,1176,1
543,1099,1
543,1424,1
544,982,1
545,1845,1
547,3027,2
548,561,1
549,2255,1
549,2476,1
550,1425,1
551,1004,1
551,1180,1
551,1839,1
551,2359,1
552,553,1
552,1119,1
552,1775,1
552,2062,1
552,2677,1
552,3346,1
553,2062,1
553,2677,1
553,3346,1
554,1044,1
554,1301,1
555,1032,1
555,1542,2
555,1628,2
556,1718,1
556,1721,1
557,584,1
557,604,1
559,658,1
559,1299,1
559,3474,1
560,1057,1
560,1697,1
561,1212,1
561,1529,1
561,2258,1
562,1297,1
563,985,1
564,580,1
564,1138,1
564,3073,1
565,1088,1
565,1173,1
565,1250,1
565,2491,1
566,1785,1
566,2081,1
567,770,1
567,1108,1
569,1465,1
569,1643,1
570,589,1
570,800,1
571,1529,1
572,573,1
572,1642,1
572,1694,1
573,1642,1
573,1694,1
574,593,1
575,1153,1
575,2069,1
575,2200,1
575,2365,1
575,3175,1
577,657,1
577,686,1
577,728,1
577,847,1
577,863,12
577,879,1
577,1038,1
577,1041,1
577,1189,1
577,1190,1
577,1191,1
577,1199,12
577,1208,1
577,1240,1
577,1298,1
577,1299,5
577,1346,1
577,1372,1
577,1452,1
577,1483,6
577,1485,2
577,1491,1
577,1502,1
577,1529,1
577,1532,1
577,1534,4
577,1544,3
577,1546,12
577,1619,1
577,1653,1
577,1743,1
577,1820,1
577,1844,3
577,2003,1
577,2082,1
577,2340,1
577,2590,1
577,2635,1
577,2898,1
577,3013,1
577,3026,1
577,3056,1
577,3119,1
577,3175,1
577,3410,1
578,1122,1
578,1727,1
579,1199,1
579,2061,1
579,2426,1
579,2636,1
580,1138,1
580,3073,1
580,3077,1
581,1511,1
581,1704,1
582,697,1
582,1208,1
582,1248,1
582,1674,1
582,1804,1
582,1821,1
582,2933,1
583,1682,1
583,1728,1
584,585,1
584,604,1
584,833,1
584,1247,1
584,1271,1
584,1347,1
584,1364,1
584,2901,1
585,1347,1
586,2573,1
588,978,1
588,1635,1
589,800,1
590,1498,1
591,2004,1
591,3389,1
592,651,1
592,1257,1
592,1758,1
595,612,1
595,1682,1
596,639,1
596,653,1
596,965,1
596,1253,1
596,1451,1
596,1532,1
596,1587,1
596,1736,1
596,2695,1
597,1042,1
597,1299,1
597,1452,1
597,1793,1
597,1828,1
598,762,1
598,1005,1
600,878,1
600,1043,1
601,603,1
601,1858,1
603,1858,1
606,835,1
606,1842,1
606,3399,1
607,2919,1
608,655,1
608,714,1
609,2427,1
609,2727,1
610,697,1
610,1201,1
611,786,1
611,787,1
612,780,1
612,944,1
612,1682,2
613,614,1
614,616,1
614,856,1
614,1058,1
614,2449,1
614,3346,1
615,617,1
615,618,1
616,856,1
616,1058,1
616,2449,1
616,3346,1
617,618,1
619,1060,1
619,1841,1
620,650,1
620,1299,1
621,2422,1
621,2648,1
621,2649,1
622,676,1
623,624,1
623,625,1
623,626,1
624,625,1
624,626,1
625,626,1
627,795,1
627,1128,1
627,1612,1
627,1613,1
627,1614,1
630,690,1
631,654,1
631,1407,1
632,859,1
632,1671,1
632,1702,1
633,833,1
633,837,1
633,958,1
633,1053,2
633,1682,1
633,1774,1
633,1817,1
634,2022,1
634,3174,1
635,3438,3
635,3439,3
636,705,1
637,3260,1
638,1296,1
638,1525,1
639,1682,1
639,1719,1
639,1726,1
639,1785,1
639,1999,1
639,2060,1
639,2243,1
639,2321,1
639,2509,1
639,3375,2
640,641,1
640,2086,1
641,2086,1
642,1837,1
643,1814,1
644,1299,1
645,646,1
645,1534,1
646,1534,1
647,700,1
647,2898,1
648,1377,2
648,1396,2
649,1372,1
650,1299,1
651,1257,1
651,1758,1
652,2193,1
652,3182,1
653,832,1
653,1253,1
653,1451,1
653,1587,1
653,1946,1
653,2366,1
653,2833,1
653,2976,1
653,2977,1
653,3062,1
653,3088,1
653,3124,1
653,3451,1
654,1407,1
655,714,1
656,984,1
656,1003,1
656,1445,1
656,1451,1
658,1299,1
658,3474,1
659,1026,1
660,2508,1
662,1463,1
664,1915,1
667,1145,1
669,1370,1
670,2007,1
672,1309,1
672,1397,1
674,1726,1
675,2169,1
677,694,1
677,1610,1
677,2632,1
677,2664,1
677,3115,1
678,3247,1
679,2847,1
680,1815,1
681,3096,1
682,1496,1
683,1233,1
683,1234,1
684,977,1
684,1614,1
685,1624,1
686,1346,1
686,1483,1
687,1042,1
687,1484,1
687,1536,1
688,689,1
688,1768,1
689,1768,1
691,1810,1
692,2483,1
692,3420,1
693,1783,2
694,1610,1
695,1200,1
696,1726,1
696,1858,1
696,1860,1
697,709,1
697,793,1
697,886,1
697,892,1
697,912,1
697,998,1
697,1052,1
697,1201,1
697,1208,1
697,1248,1
697,1251,1
697,1406,1
697,1494,1
697,1607,1
697,1654,1
697,1674,1
697,1785,2
697,1821,1
697,1831,1
697,2493,1
697,2976,1
698,1460,1
698,2977,1
699,971,1
699,3040,1
700,2898,1
701,2086,1
701,3329,1
701,3343,1
701,3345,1
702,799,1
703,1459,1
704,2558,1
705,3014,1
706,2501,1
708,1003,1
708,1147,1
708,3146,1
709,1406,1
709,1654,1
709,1831,1
711,1299,1
711,1483,1
711,2067,1
715,1379,1
716,994,1
716,1087,1
717,2357,1
717,3238,1
718,1867,1
719,1737,1
719,1738,1
719,1761,1
720,1208,1
721,729,1
721,1728,1
722,999,1
722,1569,1
722,1674,1
722,1675,1
722,1676,1
723,2199,1
724,1061,1
724,1308,1
725,831,1
726,3043,1
727,1429,1
728,749,1
728,1529,1
728,3356,1
729,1728,1
730,1603,1
731,1534,1
732,813,1
732,827,1
733,876,1
733,1099,1
733,1408,1
733,1409,1
733,2350,1
733,3061,1
734,1519,1
734,1726,1
734,2158,1
734,2189,1
735,1985,1
735,2608,1
736,1805,1
737,1855,1
737,2294,1
738,1650,1
738,1855,1
738,1861,1
739,3375,1
741,2776,1
742,1615,1
744,3415,1
745,1570,1
746,1428,1
747,750,1
747,751,1
747,791,1
750,751,1
750,791,1
751,791,1
753,754,1
753,2337,1
753,2654,1
753,2763,1
753,3374,1
754,2337,1
754,2654,1
754,2763,1
754,3374,1
755,1580,1
755,1884,1
755,1943,1
755,2343,1
756,1230,1
757,1327,1
757,1328,1
758,1733,1
758,2186,1
759,1411,1
760,1767,1
760,1809,1
760,2312,1
761,1166,1
762,1005,1
763,802,1
766,1871,1
766,1873,1
766,2156,1
766,2589,1
767,1299,1
767,1483,1
770,1108,1
770,2187,1
773,1040,1
773,1186,1
773,1410,1
774,1299,1
774,1449,1
777,2268,1
779,1109,1
779,1202,2
779,1369,1
779,1742,1
779,1800,1
779,1882,1
780,944,1
780,1682,1
781,1844,1
782,796,1
782,819,1
782,867,1
782,1505,1
782,2786,1
782,2856,1
782,2969,1
782,3288,1
783,1105,1
783,2479,1
785,837,1
785,1528,1
786,787,1
788,1056,1
788,1196,1
788,1296,1
788,3347,1
789,1405,1
790,1779,1
790,1990,1
790,1991,1
791,1808,1
791,2898,1
792,813,1
793,998,1
794,1833,1
795,1128,1
795,1253,1
795,1513,1
795,1571,1
795,1612,2
795,1613,1
795,1614,1
796,819,1
797,1785,1
798,806,1
798,1481,1
798,2042,1
798,2582,1
798,2695,1
801,2382,1
802,813,3
802,869,1
802,1276,1
802,1365,1
802,1505,2
802,1726,1
802,1728,1
802,2104,1
802,3100,1
803,2495,1
804,813,1
804,1794,1
804,2326,1
804,3248,1
805,1517,1
806,1481,1
806,2042,1
806,2582,1
806,2695,1
807,2958,1
809,813,1
809,1529,1
809,2181,1
809,2277,1
809,2605,2
809,2606,1
810,3201,1
811,1161,1
811,3011,1
811,3160,1
813,827,1
813,1009,1
813,1453,1
813,1505,3
813,1719,1
813,1728,1
813,2277,1
813,2575,1
813,2606,1
813,2647,1
814,2495,1
815,839,1
815,1208,1
815,1320,1
815,1791,1
815,1853,1
816,1388,1
816,2250,1
816,2618,3
816,2625,1
816,2653,1
816,2694,1
816,3085,1
816,3192,1
816,3199,1
818,1348,1
820,1401,1
821,1806,1
822,823,1
822,1043,1
822,1107,1
823,1043,1
823,1107,1
824,867,5
824,888,5
824,1160,5
825,888,1
826,867,1
826,888,1
826,1160,1
827,828,1
827,829,1
827,1460,1
827,1502,1
827,1661,1
827,1662,1
827,1764,1
827,1804,1
827,3112,1
827,3239,1
828,829,1
828,1661,1
828,1662,1
829,1661,1
829,1662,1
830,1021,1
830,1682,1
830,1830,1
832,3062,1
832,3451,1
833,837,1
833,958,1
833,1053,1
833,1271,1
833,1364,1
833,1682,1
833,1774,1
834,2156,1
834,2588,1
834,2728,1
834,2934,1
834,3480,1
835,1842,1
835,3399,1
836,2619,1
837,958,1
837,1053,1
837,1483,1
837,1528,2
837,1682,2
837,1774,1
838,1682,1
839,1208,1
839,1320,1
839,1791,1
839,1853,1
841,1299,1
842,1776,1
843,1502,1
843,2528,1
845,846,1
845,944,1
845,1557,1
845,1796,1
845,1797,1
846,1187,1
846,1289,1
846,1557,1
846,1588,1
846,1683,1
846,1793,1
846,2221,1
846,3299,1
847,3056,1
848,849,1
848,2641,1
848,2643,1
848,2898,1
849,2641,1
849,2643,1
849,2898,1
850,1551,1
851,1080,1
852,1616,1
852,2420,1
854,1489,1
855,1481,1
855,1532,1
856,1058,1
856,2449,1
856,3346,1
857,1202,1
859,1369,1
859,1671,1
859,1702,1
863,1199,12
863,1546,12
865,1726,1
866,972,1
866,1005,1
866,1493,1
866,2631,1
866,2638,1
867,888,6
867,1160,6
867,1171,1
867,1243,1
867,1505,1
867,2856,1
867,2969,1
867,3288,1
868,1127,1
870,2946,1
871,1220,1
873,1299,1
874,1455,1
875,3377,1
876,1099,1
876,1408,1
876,1409,1
877,889,1
877,2374,1
878,1043,2
878,1299,1
880,1011,1
881,1400,1
882,1514,3
882,1515,1
883,2803,1
884,1862,1
885,3022,1
886,912,1
886,1052,1
886,2976,1
887,1128,1
888,1160,6
889,2374,1
891,1074,1
892,1251,1
894,1505,1
895,1759,1
896,983,1
896,1336,1
896,1682,1
896,1817,1
896,2152,1
897,983,1
897,1123,1
897,1451,1
899,3397,1
901,3329,1
902,1007,1
902,1193,1
902,1466,1
902,1472,1
902,1617,1
903,1955,1
903,1956,1
904,3092,1
905,1493,1
905,1494,2
905,1607,8
905,1736,1
905,1819,1
905,2262,1
905,3452,1
906,999,1
906,1336,1
906,1682,1
906,1750,1
906,2039,1
906,2452,1
907,1049,1
907,2679,1
909,993,1
909,1054,1
909,1568,1
909,1707,1
910,1047,1
912,1052,1
912,2976,1
913,914,1
915,1582,1
916,1151,1
916,1705,1
916,1706,1
916,2846,1
916,3365,1
916,3366,1
919,1534,1
920,2695,1
920,2722,1
921,1316,1
922,3024,1
923,1452,1
924,1311,1
924,1485,1
924,1544,1
926,1102,1
926,1469,1
926,1495,1
926,2942,1
927,1213,1
927,1523,1
928,1658,1
928,2999,1
931,1127,1
932,1070,1
933,2150,1
934,2023,1
934,2103,1
934,2136,1
934,2195,1
934,2300,1
934,2329,1
934,3082,1
935,1244,1
935,1245,1
936,1483,1
936,3215,1
938,1752,1
938,1874,1
939,940,1
939,941,1
939,1564,1
940,941,1
942,973,1
943,1314,1
943,1615,1
943,1621,1
943,1663,1
944,1575,1
944,1682,1
944,1796,1
944,1797,1
945,1804,1
946,947,1
946,3287,1
947,3287,1
948,2718,1
951,2529,1
952,3375,1
953,963,1
953,1383,1
953,1393,1
953,1399,1
953,2031,1
953,2785,1
953,2796,1
953,3245,1
953,3261,1
955,1376,1
956,1015,1
956,1016,1
957,1241,1
957,2106,1
957,2746,1
957,3193,1
958,1053,1
958,1682,1
958,1774,1
961,2898,1
961,3018,1
962,1096,1
962,1990,1
962,2506,1
963,1383,1
963,1393,1
963,1399,1
963,2031,1
963,2785,1
963,2796,1
963,3245,1
963,3261,1
967,2266,1
970,1560,1
971,1797,1
971,2045,1
971,2585,1
971,3040,1
972,2638,1
975,2723,1
976,2724,1
976,3036,1
976,3332,1
977,1614,1
978,1635,1
979,1823,1
980,1099,1
981,1299,1
981,1594,1
981,3434,1
983,1035,1
983,1123,1
983,1336,2
983,1451,1
983,1528,1
983,1682,1
983,1817,1
983,2152,1
984,1003,1
984,1445,1
984,1451,1
986,1554,1
986,1846,1
986,1977,1
986,3034,1
987,1135,1
988,1299,1
990,1299,1
990,1452,1
990,1485,1
990,1544,1
990,2800,1
991,1313,1
992,1033,1
993,1054,1
993,1568,1
993,1707,1
994,1087,1
995,1637,1
995,1641,1
995,1700,1
995,1849,1
996,1585,1
997,2140,1
997,2141,1
997,2142,1
997,2676,1
997,2947,1
999,1336,1
999,1569,1
999,1674,1
999,1675,1
999,1676,1
999,1682,1
999,1750,1
999,2039,1
999,2452,1
1000,1935,2
1000,2495,2
1000,2522,2
1000,3015,2
1001,1707,1
1001,1984,1
1002,1551,1
1003,1147,1
1003,1445,1
1003,1451,1
1003,2498,1
1003,3146,1
1004,1180,1
1004,1839,1
1004,2359,1
1005,1006,1
1005,1427,1
1005,1930,1
1005,3024,1
1005,3090,1
1005,3483,1
1007,1193,1
1007,1466,1
1007,1472,1
1007,1617,1
1008,1966,1
1008,2434,1
1008,2866,1
1009,1453,1
1010,2820,1
1012,1725,1
1014,2015,1
1014,3348,1
1015,1016,1
1017,2756,1
1018,2480,1
1019,1728,1
1020,2759,1
1021,1682,1
1021,1830,1
1022,1024,1
1022,1025,1
1024,1025,1
1027,1139,1
1027,1223,1
1027,1264,1
1027,1483,1
1028,1497,1
1030,1723,1
1031,2773,1
1032,1542,1
1032,1628,1
1034,1901,1
1034,1906,1
1034,3343,1
1035,1336,1
1035,1528,1
1036,1711,1
1036,1803,1
1037,1494,1
1038,1040,1
1038,1189,1
1038,1190,1
1038,1448,1
1038,1483,1
1038,1526,1
1038,1653,1
1038,1840,1
1038,1876,1
1039,1483,1
1040,1041,2
1040,1042,1
1040,1045,1
1040,1053,1
1040,1186,1
1040,1299,1
1040,1410,1
1040,1452,1
1040,1526,1
1040,1532,1
1040,1544,1
1040,1551,1
1040,1840,1
1040,1876,1
1040,2776,1
1040,2783,1
1041,1042,1
1041,1043,1
1041,1053,1
1041,1296,1
1041,1299,7
1041,1319,1
1041,1434,1
1041,1452,1
1041,1485,1
1041,1544,2
1041,1551,2
1041,1552,1
1041,1669,1
1041,1804,1
1041,1858,1
1041,2120,1
1041,2321,1
1041,2392,1
1041,2393,1
1041,2776,1
1041,2783,1
1041,2836,1
1041,3087,1
1041,3471,1
1041,3483,1
1042,1053,1
1042,1299,1
1042,1330,1
1042,1452,1
1042,1484,1
1042,1536,1
1042,1551,1
1042,1793,1
1042,1828,1
1042,2783,1
1042,2976,1
1043,1107,1
1043,1299,1
1043,1434,2
1043,1551,1
1043,1994,1
1043,2776,1
1044,1301,1
1044,2267,1
1045,1299,1
1045,1544,1
1045,2776,1
1046,1485,1
1046,3135,1
1048,1338,1
1048,1768,1
1048,1785,1
1048,2801,1
1049,2679,1
1050,1299,1
1050,1950,1
1050,3367,1
1051,3436,1
1052,1880,1
1052,2976,1
1053,1551,1
1053,1682,1
1053,1774,1
1053,1817,1
1053,2776,1
1053,2783,1
1054,1568,1
1054,1707,1
1056,1196,1
1056,1296,1
1056,3347,1
1057,1697,1
1058,2449,1
1058,3346,1
1059,1611,1
1059,3114,1
1060,1841,1
1061,1308,1
1062,1106,1
1062,1497,1
1062,2295,1
1063,1064,1
1063,2054,1
1064,2054,1
1065,1505,1
1069,2057,1
1071,2699,1
1072,1249,1
1072,3497,1
1072,3498,1
1073,2193,1
1073,3503,1
1073,3504,1
1074,1573,1
1074,2113,1
1075,1344,1
1076,1101,1
1076,1550,1
1076,1673,1
1077,1078,1
1077,1079,1
1077,1086,1
1077,1087,1
1077,1801,1
1077,1877,1
1077,1971,1
1077,1972,1
1077,2173,1
1077,2730,1
1079,2173,1
1081,1786,1
1081,1957,1
1082,2465,1
1082,2808,1
1085,1312,1
1086,1087,1
1088,1173,1
1088,1250,1
1088,1477,1
1088,1719,1
1088,2491,1
1088,3013,1
1089,2170,1
1090,1124,1
1090,2510,1
1094,1095,1
1094,1632,1
1095,1632,1
1096,1990,1
1096,2506,1
1097,1134,1
1097,1869,1
1097,1870,1
1097,2729,1
1098,2825,1
1099,1408,1
1099,1409,1
1099,1424,1
1099,1534,1
1099,2392,1
1099,2537,1
1099,2837,1
1099,2853,1
1101,1389,1
1101,1550,1
1101,1551,1
1101,1596,1
1101,1673,1
1102,2942,1
1103,1748,1
1104,3094,1
1105,2479,1
1106,1398,1
1106,1497,1
1106,2295,1
1109,1202,1
1109,1369,1
1109,1742,1
1109,1800,1
1110,1596,1
1110,2854,1
1111,2380,1
1111,2877,1
1111,3339,1
1112,3263,2
1113,1160,1
1115,1483,1
1115,2813,1
1116,1299,1
1116,1644,1
1116,2853,1
1117,2233,1
1117,2566,1
1118,3379,1
1119,1775,1
1120,2695,1
1121,1357,1
1122,1727,1
1123,1451,1
1124,2079,1
1124,2510,1
1125,2029,1
1126,1878,1
1127,1742,2
1127,2025,1
1127,2760,1
1128,1612,1
1128,1613,1
1128,1614,1
1129,1131,1
1129,1132,2
1129,1334,1
1129,2820,2
1131,1132,1
1131,2820,1
1132,1334,1
1132,2820,2
1134,1869,1
1134,1870,1
1134,2729,1
1136,1719,1
1137,3370,1
1138,3073,1
1139,1223,1
1139,1264,1
1139,1483,1
1140,1450,1
1140,1728,1
1141,1143,1
1141,1353,1
1142,1542,1
1143,1353,1
1144,3079,1
1146,1728,1
1147,1726,1
1147,3146,1
1148,1844,1
1149,1844,1
1150,1712,1
1150,2153,1
1151,1705,1
1151,1706,1
1151,2846,1
1151,3365,1
1151,3366,1
1153,3175,1
1154,1930,1
1154,2242,1
1155,1974,1
1155,2729,1
1156,1315,1
1157,1881,1
1158,1184,1
1161,3011,1
1161,3160,1
1162,1475,1
1162,1476,1
1163,1299,1
1164,1365,2
1164,1415,1
1164,1416,1
1165,1660,1
1166,1215,2
1166,1661,3
1168,1923,1
1168,2530,1
1169,1544,1
1169,2869,1
1170,1741,1
1170,2620,1
1170,2621,1
1170,2672,1
1170,3175,1
1171,1243,1
1172,1373,1
1173,1250,1
1173,2491,1
1174,2871,1
1175,1492,1
1177,1237,1
1177,2154,1
1177,2375,1
1177,3295,1
1178,1179,1
1180,1839,1
1180,2359,1
1183,1188,1
1183,3114,1
1185,1324,4
1186,1410,1
1187,1289,1
1187,1588,1
1187,1683,1
1187,1793,1
1187,2221,1
1187,3299,1
1188,3114,1
1189,1190,1
1189,1483,1
1189,1653,1
1190,1483,1
1190,1653,1
1192,2014,1
1192,2206,1
1192,3274,1
1193,1466,1
1193,1472,1
1193,1617,1
1194,1369,1
1195,1211,1
1196,1296,1
1196,1439,1
1196,3347,1
1197,1629,1
1198,1649,1
1199,1546,12
1199,2061,1
1199,2426,1
1199,2636,1
1202,1369,1
1202,1742,1
1202,1800,1
1202,1882,2
1204,2425,1
1204,3483,1
1206,2008,1
1206,2014,1
1206,2208,1
1206,2270,1
1206,2447,1
1207,1544,1
1208,1209,1
1208,1248,1
1208,1320,1
1208,1336,1
1208,1374,1
1208,1425,1
1208,1674,1
1208,1694,1
1208,1717,1
1208,1791,1
1208,1821,1
1208,1853,1
1208,1859,1
1208,1903,1
1208,1906,1
1208,2439,1
1208,2800,1
1209,1903,1
1209,1906,1
1210,2245,1
1210,2531,1
1213,1523,1
1213,2801,1
1214,1259,1
1214,1544,1
1215,1661,2
1216,2102,1
1217,1423,1
1217,1584,1
1217,2632,1
1219,1517,1
1219,2954,1
1221,3175,1
1223,1264,1
1223,1483,1
1224,1284,1
1224,2253,1
1224,2731,1
1226,1981,1
1227,3360,1
1228,2334,1
1228,2505,1
1228,2547,1
1228,3143,1
1228,3441,1
1231,1378,2
1232,1273,1
1232,2222,1
1232,2224,1
1233,1234,1
1235,3104,1
1237,2154,1
1237,2375,1
1237,3295,1
1238,2713,1
1239,1666,1
1239,3059,1
1240,1483,1
1240,1491,1
1241,2106,1
1241,2746,1
1241,3193,1
1242,2590,1
1242,2793,1
1244,1245,1
1246,2460,1
1247,2901,1
1248,1674,1
1248,1821,1
1249,3497,1
1249,3498,1
1250,2491,1
1252,1713,1
1253,1451,1
1253,1513,1
1253,1571,1
1253,1587,1
1253,1612,1
1254,2961,1
1255,1556,1
1256,1299,1
1257,1758,1
1258,2546,1
1258,2898,1
1259,1544,1
1260,1781,1
1260,2966,1
1262,2967,1
1263,1542,1
1264,1483,1
1265,1296,1
1265,2288,1
1265,3427,1
1267,1268,1
1271,1364,1
1272,3248,1
1273,2222,1
1273,2224,1
1274,1680,2
1275,2994,1
1276,1365,1
1276,2104,1
1279,3002,1
1280,1487,1
1283,2198,1
1284,2253,1
1284,2731,1
1285,2726,1
1285,2937,1
1286,1298,1
1286,1529,1
1286,2012,1
1286,2695,1
1288,1858,1
1289,1588,1
1289,1683,2
1289,1793,2
1289,2221,1
1289,3299,1
1290,1291,1
1290,1299,1
1290,1301,1
1290,1645,1
1290,2907,1
1290,3144,1
1291,1301,1
1292,2422,1
1292,3382,1
1293,1389,1
1293,1390,1
1293,2585,1
1293,3337,1
1295,2272,1
1295,2390,1
1296,1298,1
1296,1299,2
1296,1431,1
1296,1518,1
1296,1525,1
1296,1682,1
1296,1699,1
1296,1728,1
1296,2163,1
1296,2288,1
1296,2820,1
1296,2898,1
1296,3347,1
1296,3427,1
1298,1299,2
1298,1433,1
1298,1529,1
1298,1544,1
1298,2012,1
1298,2695,1
1298,2776,1
1299,1395,1
1299,1431,1
1299,1432,1
1299,1449,1
1299,1452,21
1299,1460,1
1299,1478,1
1299,1483,5
1299,1485,4
1299,1499,1
1299,1512,1
1299,1529,2
1299,1532,2
1299,1534,4
1299,1537,1
1299,1544,21
1299,1551,1
1299,1552,1
1299,1555,1
1299,1562,1
1299,1594,1
1299,1608,1
1299,1620,1
1299,1630,1
1299,1644,1
1299,1645,1
1299,1652,1
1299,1659,1
1299,1668,1
1299,1669,1
1299,1682,2
1299,1683,1
1299,1684,1
1299,1688,1
1299,1689,1
1299,1694,1
1299,1696,1
1299,1720,1
1299,1728,1
1299,1743,1
1299,1764,1
1299,1792,1
1299,1793,1
1299,1798,1
1299,1804,2
1299,1812,1
1299,1828,1
1299,1844,1
1299,1848,1
1299,1858,1
1299,1950,1
1299,1975,1
1299,1976,1
1299,1989,1
1299,1997,1
1299,2064,1
1299,2090,6
1299,2231,1
1299,2239,1
1299,2241,1
1299,2263,1
1299,2292,1
1299,2309,6
1299,2362,1
1299,2422,1
1299,2474,1
1299,2507,1
1299,2518,1
1299,2539,1
1299,2548,1
1299,2598,1
1299,2602,1
1299,2657,1
1299,2680,1
1299,2695,9
1299,2700,1
1299,2706,1
1299,2776,4
1299,2791,6
1299,2852,1
1299,2853,5
1299,2864,1
1299,2869,1
1299,2882,1
1299,2905,1
1299,2907,1
1299,2913,1
1299,2961,1
1299,3024,1
1299,3087,1
1299,3144,1
1299,3175,1
1299,3186,1
1299,3302,1
1299,3306,1
1299,3320,1
1299,3321,1
1299,3343,1
1299,3367,1
1299,3461,1
1299,3474,1
1299,3477,1
1299,3483,2
1299,3487,1
1300,3444,1
1301,2898,1
1302,1834,1
1307,2205,1
1309,1397,1
1310,1348,1
1311,1544,1
1314,1615,1
1314,1621,1
1314,1663,1
1317,3033,1
1318,3191,1
1318,3310,1
1320,1791,1
1320,1853,1
1321,1963,1
1323,1464,1
1325,1483,1
1326,2693,1
1326,3206,1
1327,1328,1
1329,2126,1
1332,3175,1
1333,2138,1
1333,2581,1
1334,2110,1
1334,2256,1
1334,2790,1
1334,2792,1
1334,2820,1
1334,3175,1
1334,3378,1
1335,2220,1
1335,2561,1
1336,1528,1
1336,1682,2
1336,1717,1
1336,1750,1
1336,1817,1
1336,2039,1
1336,2152,1
1336,2452,1
1337,2155,1
1338,1768,1
1338,1785,1
1338,2801,1
1339,1343,1
1339,1483,1
1339,1694,1
1340,1524,1
1343,1483,1
1343,1694,1
1345,2495,1
1345,3001,1
1346,1483,1
1348,1425,1
1348,1529,2
1348,1838,1
1349,1386,1
1352,1421,1
1352,3041,1
1354,1416,1
1355,1452,1
1355,1512,1
1355,3195,1
1359,3052,1
1359,3341,1
1359,3433,1
1360,1372,2
1360,1385,1
1360,1524,1
1364,1626,1
1364,1677,1
1364,1817,1
1365,1415,1
1365,1416,1
1365,2104,1
1366,2987,1
1367,1402,1
1368,1719,1
1368,2463,1
1369,1444,1
1369,1742,1
1369,1800,1
1370,1855,1
1370,1856,1
1370,1857,1
1370,1858,1
1372,1385,1
1372,1638,1
1372,1838,1
1372,2248,1
1372,2347,1
1372,2541,1
1372,2604,1
1372,2748,1
1372,2898,1
1372,2953,1
1373,1412,1
1373,1855,1
1373,3407,1
1374,1694,1
1374,1859,1
1374,2800,1
1375,1490,1
1377,1396,2
1380,3491,1
1380,3494,1
1381,1382,1
1383,1393,1
1383,1399,1
1383,2031,1
1383,2785,1
1383,2796,1
1383,3245,1
1383,3261,1
1384,1753,2
1387,2335,1
1387,3202,2
1388,2618,1
1388,3085,1
1388,3192,1
1389,1390,1
1389,1596,1
1389,2585,1
1389,3337,1
1390,2585,1
1390,3337,1
1391,1454,1
1392,3451,1
1393,1399,1
1393,2031,1
1393,2785,1
1393,2796,1
1393,3245,1
1393,3261,1
1394,2386,1
1395,2518,1
1396,1517,1
1399,2031,1
1399,2785,1
1399,2796,1
1399,3245,1
1399,3261,1
1402,1804,1
1402,1851,2
1402,2480,1
1403,1404,1
1405,2989,1
1406,1654,1
1406,1831,1
1408,1409,1
1412,3407,1
1414,1863,1
1414,1864,1
1417,1418,1
1417,3105,1
1418,3105,1
1419,2271,1
1419,3106,1
1420,3357,1
1421,3041,1
1422,2406,1
1422,3111,1
1423,1584,1
1425,1529,1
1425,1838,1
1425,2607,1
1425,3066,1
1425,3276,1
1426,2049,1
1426,2384,1
1426,3232,1
1428,2501,1
1428,3130,1
1431,1483,1
1431,1505,1
1431,2163,1
1431,2776,1
1431,2971,1
1431,3133,1
1431,3136,1
1432,2656,1
1432,2898,1
1432,3024,1
1434,1994,1
1434,2776,1
1435,1440,1
1435,1682,1
1435,1731,1
1436,1505,1
1436,2193,1
1436,2695,1
1436,2851,2
1436,3189,1
1437,1544,1
1441,1865,1
1442,1529,1
1445,1451,1
1445,1592,1
1446,1527,1
1447,2409,1
1447,2701,1
1447,3246,1
1447,3276,1
1450,1728,1
1451,1587,1
1452,1485,1
1452,1512,1
1452,1532,1
1452,1534,3
1452,1544,5
1452,1565,1
1452,1572,1
1452,1682,2
1452,1793,1
1452,1828,1
1452,2090,6
1452,2164,1
1452,2309,6
1452,2776,1
1452,2791,6
1452,2885,1
1452,3195,1
1452,3483,1
1457,1461,1
1457,3046,1
1458,1773,1
1459,1602,1
1459,2491,1
1460,1502,1
1460,1764,1
1461,3046,1
1465,1643,1
1466,1472,1
1466,1617,1
1467,2127,1
1467,2248,1
1469,1495,1
1470,3265,1
1470,3292,1
1471,1813,1
1471,3129,1
1472,1617,1
1473,2282,1
1473,2928,1
1474,1483,1
1475,1476,1
1479,3324,1
1480,1804,1
1480,2172,1
1480,2540,1
1480,3161,1
1481,1482,1
1481,1483,3
1481,1485,3
1481,1532,1
1481,1534,1
1481,1543,1
1481,1844,1
1481,2042,1
1481,2188,1
1481,2226,1
1481,2351,1
1481,2582,1
1481,2591,1
1481,2695,1
1481,3311,1
1483,1485,3
1483,1486,1
1483,1491,1
1483,1529,3
1483,1532,1
1483,1534,2
1483,1543,1
1483,1633,1
1483,1653,1
1483,1686,1
1483,1694,1
1483,1728,1
1483,1783,1
1483,1804,2
1483,1808,1
1483,2000,1
1483,2089,1
1483,2156,1
1483,2157,1
1483,2188,1
1483,2194,1
1483,2196,1
1483,2340,1
1483,2402,1
1483,2430,1
1483,2555,1
1483,2663,1
1483,2673,1
1483,2689,1
1483,2695,1
1483,2752,1
1483,2779,1
1483,2788,1
1483,2813,1
1483,2817,1
1483,2879,1
1483,2898,1
1483,3119,1
1483,3147,1
1483,3183,1
1483,3214,1
1483,3243,1
1483,3344,2
1483,3353,1
1483,3435,1
1483,3445,1
1484,1536,1
1485,1534,1
1485,1543,1
1485,1544,1
1485,1669,1
1485,2188,1
1485,2381,1
1485,3135,1
1485,3483,1
1488,2503,1
1488,3197,1
1488,3368,1
1493,2631,1
1494,1607,3
1494,1736,1
1494,3493,1
1494,3495,1
1497,2295,1
1497,3205,1
1499,1512,1
1499,1537,1
1500,3109,1
1502,1764,1
1502,1827,1
1502,2528,1
1503,2527,1
1504,1623,2
1505,1506,1
1505,2495,1
1505,2697,1
1505,2851,1
1505,2856,1
1505,2969,1
1505,3288,1
1507,3277,1
1508,2495,1
1509,2907,1
1510,1529,1
1511,1529,1
1511,1704,1
1511,2705,1
1512,1537,1
1512,3195,1
1513,1571,1
1513,1612,1
1514,2691,2
1515,2691,1
1516,3338,1
1517,2019,1
1517,2954,1
1519,1726,1
1519,2158,1
1519,2189,1
1520,1639,1
1520,1961,1
1520,2261,1
1520,2895,1
1520,2896,1
1521,2416,3
1522,3201,1
1526,1840,1
1526,1876,1
1528,1682,1
1529,1530,1
1529,1532,1
1529,1534,1
1529,1542,3
1529,1544,1
1529,1804,2
1529,1838,1
1529,1844,1
1529,2012,2
1529,2084,1
1529,2181,1
1529,2258,1
1529,2279,1
1529,2605,1
1529,2606,1
1529,2695,1
1529,2702,1
1529,2705,1
1529,2708,1
1529,2961,1
1529,3026,1
1529,3060,1
1529,3216,1
1529,3217,1
1529,3252,1
1529,3293,1
1529,3294,1
1529,3467,1
1529,3479,1
1529,3484,1
1529,3485,1
1530,1532,1
1530,2778,1
1531,1542,1
1531,1589,1
1531,1595,1
1531,1747,1
1532,1542,1
1532,1544,3
1532,1804,1
1532,1835,1
1532,2366,1
1532,2477,1
1532,2695,1
1532,2706,1
1532,2863,1
1532,2924,1
1532,3169,1
1532,3216,1
1533,1538,1
1533,1539,1
1534,1543,1
1534,1544,2
1534,1551,1
1534,1743,1
1534,2135,1
1534,2551,1
1534,2590,1
1534,2885,1
1534,2898,1
1534,3026,1
1534,3028,1
1535,3175,1
1538,1539,1
1540,1807,1
1542,1544,1
1542,1589,1
1542,1595,1
1542,1628,2
1542,1634,1
1542,1747,1
1542,1933,1
1542,2366,1
1542,2385,1
1542,2633,1
1542,2706,1
1542,2708,1
1542,2924,1
1542,2931,1
1544,1630,1
1544,1647,1
1544,1682,1
1544,1688,1
1544,1812,1
1544,1975,1
1544,1976,1
1544,2129,1
1544,2706,1
1544,2720,1
1544,2776,1
1544,2838,1
1544,2853,1
1544,2869,1
1544,3024,1
1544,3087,1
1544,3315,1
1545,3058,1
1547,1574,2
1549,2589,4
1549,2590,4
1549,2591,4
1549,3224,4
1550,1673,1
1551,1552,1
1551,1586,1
1551,1682,2
1551,1797,2
1551,1826,1
1551,1858,1
1551,2047,1
1551,2114,1
1551,2306,1
1551,2703,1
1551,2783,1
1551,2799,1
1551,2852,1
1551,2853,1
1552,1858,1
1553,1730,1
1553,3048,1
1554,1797,1
1554,1846,1
1554,2236,1
1554,2745,1
1554,3128,1
1554,3235,1
1555,1792,1
1555,3461,1
1561,3175,1
1563,2148,1
1563,2381,1
1566,3148,1
1567,1597,1
1567,1669,1
1568,1707,1
1569,1674,1
1569,1675,1
1569,1676,1
1571,1612,1
1572,3483,1
1576,2159,1
1577,1682,1
1580,1884,1
1580,1943,1
1580,2343,1
1581,1590,2
1583,1655,1
1583,3289,1
1586,1682,1
1586,1797,1
1588,1683,1
1588,1793,1
1588,2221,1
1588,3299,1
1589,1595,1
1589,1747,1
1591,3320,1
1593,3330,1
1593,3331,1
1595,1747,1
1596,2854,1
1597,1669,1
1599,1999,1
1599,2406,1
1603,1604,1
1603,2222,1
1603,2736,1
1603,2737,1
1604,2737,1
1606,2820,1
1607,1736,1
1607,2898,1
1607,2916,1
1611,3114,1
1612,1613,1
1612,1614,1
1612,3058,1
1613,1614,1
1615,1621,1
1615,1663,1
1616,2420,1
1618,1619,1
1620,2695,1
1621,1663,1
1625,1879,1
1626,1677,1
1626,1817,1
1627,2268,1
1627,2378,1
1627,2849,1
1631,1810,1
1636,2001,1
1636,3163,1
1637,1641,1
1637,1700,1
1637,1849,1
1638,2248,1
1638,2541,1
1638,2748,1
1639,1961,1
1639,2261,1
1641,1700,1
1641,1849,1
1642,1694,1
1644,2853,1
1645,2907,1
1645,3144,1
1646,3303,1
1650,1861,1
1654,1831,1
1655,3289,1
1656,1735,1
1658,2999,1
1659,1665,1
1659,2532,1
1659,2717,1
1659,2823,1
1659,2889,1
1659,2903,1
1659,2907,1
1659,3320,3
1659,3321,3
1659,3322,1
1659,3323,1
1659,3508,1
1661,1662,1
1665,3508,1
1666,3059,1
1668,1804,1
1668,2864,1
1671,1674,2
1671,1702,1
1672,2175,1
1673,1986,1
1673,1999,1
1674,1675,1
1674,1676,1
1674,1821,1
1675,1676,1
1677,1817,1
1678,1679,1
1678,2897,1
1678,2898,1
1679,2897,1
1679,2898,1
1681,2088,1
1682,1683,1
1682,1684,1
1682,1694,1
1682,1695,3
1682,1699,1
1682,1728,1
1682,1731,1
1682,1750,1
1682,1774,1
1682,1797,1
1682,1817,1
1682,1830,1
1682,2039,1
1682,2152,1
1682,2452,1
1682,2776,1
1682,2898,1
1682,3101,1
1682,3228,1
1682,3375,1
1683,1684,1
1683,1793,2
1683,2221,1
1683,3299,1
1684,1698,1
1684,2369,2
1688,1689,1
1688,1696,1
1689,1696,1
1690,3228,1
1691,3325,1
1692,3346,1
1693,1916,3
1693,2628,3
1693,2719,3
1693,3021,2
1693,3023,3
1693,3067,3
1693,3396,3
1693,3462,3
1694,1859,1
1694,2241,1
1694,2800,1
1698,2369,1
1700,1849,1
1705,1706,1
1705,2846,1
1705,3365,1
1705,3366,1
1706,2846,1
1706,3365,1
1706,3366,1
1707,1984,1
1709,2361,1
1711,1803,1
1712,2153,1
1715,2681,1
1716,1717,1
1716,1815,1
1717,1815,1
1718,1721,1
1719,1728,1
1719,1742,1
1719,1765,1
1719,1942,1
1719,2509,1
1719,3013,1
1719,3375,1
1719,3389,1
1719,3393,1
1720,2598,1
1720,2990,1
1720,3380,1
1722,3115,1
1722,3135,1
1726,1858,1
1726,1860,1
1726,2158,1
1726,2189,1
1728,2587,1
1728,2695,1
1728,2744,1
1728,2843,1
1728,3100,1
1728,3156,1
1728,3402,1
1729,3336,1
1730,3048,1
1732,2036,1
1732,2274,1
1732,3334,1
1732,3410,1
1733,2186,1
1733,3373,1
1734,3329,1
1734,3346,1
1737,1738,1
1737,1761,1
1738,1761,1
1739,2760,1
1740,3431,1
1741,2620,1
1741,2621,1
1741,2672,1
1742,1800,1
1746,2706,1
1746,2776,1
1746,2972,1
1750,2039,1
1750,2452,1
1752,1874,1
1754,3089,1
1755,2490,1
1756,2784,1
1763,3329,1
1767,1809,1
1767,2312,1
1768,1785,1
1768,2801,1
1769,2125,1
1769,2262,1
1769,3364,1
1769,3452,1
1771,2275,1
1772,2827,1
1779,1990,1
1779,1991,1
1780,2382,1
1780,3024,1
1781,2966,1
1783,1886,1
1783,3024,1
1783,3059,1
1783,3175,1
1783,3210,1
1783,3445,2
1785,1999,1
1785,2081,1
1785,2410,1
1785,2494,1
1785,2801,1
1785,3481,1
1785,3482,1
1786,1957,1
1787,1788,1
1787,1824,1
1787,3457,1
1787,3458,1
1787,3459,1
1787,3460,1
1788,1824,1
1788,3457,1
1788,3458,1
1788,3459,1
1788,3460,1
1789,2956,1
1789,3057,1
1791,1853,1
1792,3461,1
1793,1828,1
1793,2221,1
1793,3299,1
1796,1797,1
1797,2045,1
1797,2114,1
1797,2236,1
1797,2585,1
1797,2745,1
1797,3128,1
1797,3235,1
1801,1971,1
1801,1972,1
1802,2651,1
1804,1949,1
1804,1982,1
1804,1990,1
1804,2172,1
1804,2317,1
1804,2318,1
1804,2418,1
1804,2540,1
1804,2559,1
1804,2775,1
1804,2864,1
1804,2891,1
1804,2933,1
1804,2941,1
1804,3140,1
1804,3161,1
1804,3188,1
1804,3252,1
1809,2312,1
1811,3168,1
1812,3038,1
1812,3279,1
1813,3129,1
1816,1847,1
1816,3029,1
1816,3030,2
1817,2152,1
1819,2262,1
1819,3452,1
1824,3457,1
1824,3458,1
1824,3459,1
1824,3460,1
1825,2386,1
1839,2359,1
1840,1876,1
1842,3399,1
1844,3280,1
1844,3282,1
1844,3283,1
1847,3030,1
1852,3055,1
1852,3372,1
1854,2144,1
1855,1856,1
1855,1857,1
1855,1858,1
1855,2294,1
1856,1857,1
1856,1858,1
1857,1858,1
1858,1860,1
1858,1970,1
1858,2088,1
1858,2185,1
1858,2907,1
1859,2800,1
1863,1864,1
1866,3065,1
1869,1870,2
1869,2729,2
1870,2729,2
1871,1872,1
1873,2589,1
1875,1885,1
1877,2730,1
1878,2920,1
1883,2181,1
1884,1943,1
1884,2343,1
1886,3152,1
1887,1888,1
1887,2488,1
1887,2489,1
1887,3465,1
1887,3475,1
1888,2488,1
1888,2489,1
1888,3465,2
1888,3473,1
1888,3475,2
1889,2099,1
1889,2380,1
1889,3196,1
1889,3326,1
1889,3455,1
1890,2311,1
1890,2869,1
1891,2502,1
1891,2554,1
1891,2634,1
1891,3000,1
1891,3213,1
1892,3453,1
1893,2217,1
1893,3003,1
1894,1969,1
1895,1969,1
1896,1897,1
1896,3468,1
1897,3468,1
1898,2422,1
1899,2063,1
1899,2290,1
1899,2714,1
1900,2466,1
1900,2761,1
1900,2820,1
1901,1906,1
1901,3343,1
1902,2777,1
1903,1906,2
1903,2020,2
1903,2021,2
1903,2034,1
1903,2306,1
1903,2347,1
1903,2388,1
1903,2945,2
1903,3221,2
1903,3343,1
1904,1905,1
1904,1940,1
1904,2032,1
1904,2033,1
1904,2105,1
1904,2111,1
1905,1940,1
1905,2032,1
1905,2033,1
1905,2105,1
1905,2111,1
1906,2388,1
1906,3343,4
1907,2062,1
1907,2511,1
1907,3273,1
1907,3363,1
1908,2450,1
1909,2741,1
1909,2960,1
1910,2302,1
1910,2512,1
1910,2898,1
1910,3178,1
1911,3024,1
1912,2543,1
1913,2601,1
1914,1995,1
1914,2355,1
1915,1937,1
1915,2951,1
1916,2628,4
1916,2719,4
1916,3021,3
1916,3023,4
1916,3067,4
1916,3396,4
1916,3462,4
1917,2156,1
1917,2695,1
1917,2706,1
1917,3181,1
1917,3248,1
1918,3084,1
1918,3254,1
1919,2222,1
1919,2585,1
1919,2898,1
1919,3207,1
1919,3208,1
1920,2051,1
1920,2225,1
1921,3126,1
1922,2193,1
1922,2230,1
1922,2286,1
1922,2749,1
1922,2750,1
1923,2530,1
1924,2046,1
1924,2212,1
1924,2213,1
1924,2935,1
1924,3214,1
1925,2910,1
1926,1927,1
1926,2553,1
1927,2553,1
1928,1929,1
1930,2242,1
1930,2366,1
1930,2521,1
1930,2924,1
1931,2095,1
1931,2826,1
1932,2695,1
1932,2752,1
1932,3024,1
1934,2458,1
1935,2495,2
1935,2522,2
1935,3015,2
1936,2480,1
1937,2951,1
1938,2287,1
1938,2288,1
1938,2327,1
1938,2550,1
1938,2682,1
1939,2108,1
1939,2793,1
1940,2032,1
1940,2033,1
1940,2105,1
1940,2111,1
1941,2855,1
1942,3393,1
1943,2343,1
1944,2182,1
1945,2338,1
1945,2395,1
1945,2983,1
1946,2366,1
1946,2833,1
1946,2976,1
1946,2977,1
1946,3124,1
1947,3236,1
1949,1990,1
1949,2317,1
1949,2318,1
1949,2418,1
1949,2559,1
1949,2775,1
1949,2891,1
1949,3140,1
1949,3188,1
1950,3367,1
1951,2898,1
1951,3022,1
1952,1953,1
1953,2556,1
1953,3132,1
1953,3176,1
1954,2687,1
1954,3024,1
1955,1956,1
1958,2666,1
1958,2698,1
1958,3096,1
1958,3178,1
1958,3389,1
1959,2094,1
1959,2520,1
1959,2613,1
1960,2829,1
1961,2261,1
1962,2964,1
1964,2157,2
1965,2190,1
1965,2197,1
1965,2377,1
1965,2572,1
1965,3340,1
1966,2028,1
1966,2434,1
1966,2866,1
1968,2695,1
1968,2922,1
1968,2923,1
1968,3444,1
1968,3449,1
1969,2478,1
1970,2088,2
1971,1972,1
1973,3213,1
1973,3312,1
1974,2729,1
1975,1976,1
1977,3034,1
1978,3389,1
1979,2011,1
1979,2286,1
1980,1985,1
1980,2131,1
1980,3234,1
1983,2711,2
1985,2131,1
1985,2608,1
1985,3234,1
1986,1999,1
1987,2962,1
1988,2842,1
1990,1991,1
1990,2285,1
1990,2317,1
1990,2318,1
1990,2418,1
1990,2491,1
1990,2499,1
1990,2506,1
1990,2559,1
1990,2570,1
1990,2775,1
1990,2891,1
1990,3081,1
1990,3140,1
1990,3188,1
1990,3216,1
1992,2776,1
1993,3157,1
1993,3369,1
1995,2355,1
1996,3419,1
1998,3166,1
1999,2223,1
1999,2406,1
1999,2492,1
2000,2689,1
2001,3163,1
2002,2898,1
2003,2082,1
2003,2635,1
2003,3410,1
2004,3389,1
2005,3229,1
2008,2014,1
2008,2044,1
2008,2206,1
2008,2208,1
2008,2209,1
2008,2270,1
2008,2447,1
2008,3259,1
2008,3394,1
2009,2752,2
2009,3072,1
2010,2441,1
2010,2462,1
2011,2286,1
2012,2695,1
2013,3096,1
2014,2206,1
2014,2208,1
2014,2270,1
2014,2447,1
2014,3274,1
2015,3348,1
2016,2017,1
2016,2612,1
2016,2766,1
2017,2612,1
2017,2766,1
2018,2184,1
2020,2021,2
2020,2034,1
2020,2945,2
2020,3221,2
2021,2034,1
2021,2679,1
2021,2945,2
2021,3221,2
2022,3174,1
2023,2195,1
2023,3082,1
2024,2901,1
2025,2760,1
2026,2695,1
2026,3174,1
2030,2596,1
2031,2785,1
2031,2796,1
2031,3245,1
2031,3261,1
2032,2033,1
2032,2105,1
2032,2111,1
2033,2105,1
2033,2111,1
2034,2945,1
2034,3221,1
2035,2147,1
2036,2274,1
2036,3334,1
2036,3410,1
2037,2278,1
2038,3343,1
2039,2452,1
2040,2387,1
2040,2431,1
2040,3225,1
2040,3428,1
2041,3355,1
2042,2582,1
2042,2695,1
2043,3466,1
2044,2206,1
2045,2585,1
2046,2212,1
2046,2213,1
2046,2935,1
2046,3214,1
2047,2703,1
2047,2799,1
2048,2609,1
2048,3137,1
2049,2384,1
2049,3232,1
2050,2211,1
2050,2238,1
2050,2688,2
2050,2709,1
2050,2820,1
2050,2950,1
2050,3240,1
2050,3274,1
2050,3276,1
2050,3278,2
2050,3355,1
2050,3417,1
2051,2225,1
2052,2519,1
2053,2521,1
2055,3149,1
2056,3300,1
2058,2705,1
2059,2291,1
2061,2426,1
2061,2636,1
2061,2662,1
2062,2511,1
2062,2677,1
2062,3273,1
2062,3346,1
2062,3363,1
2063,2219,1
2063,2290,1
2063,2419,1
2063,2714,1
2063,2927,1
2065,2917,1
2067,2495,1
2067,2996,1
2068,2491,1
2068,3418,1
2069,2200,1
2069,2365,1
2069,2850,1
2070,2255,1
2070,2362,1
2071,2614,1
2072,2112,1
2072,2116,1
2073,2074,1
2075,2716,1
2075,2751,1
2075,3389,1
2076,2145,1
2076,2218,1
2076,2244,1
2076,2997,1
2076,3242,1
2076,3412,1
2076,3463,1
2078,2306,1
2078,2438,1
2078,2440,1
2078,3048,1
2080,2269,1
2082,2635,1
2082,3410,1
2083,2123,1
2083,2539,1
2084,2279,1
2085,2491,1
2085,2991,1
2086,3329,1
2086,3343,1
2086,3345,1
2088,2811,1
2089,2788,1
2089,3243,1
2090,2309,7
2090,2791,7
2091,3138,1
2091,3389,1
2092,2448,1
2093,2354,1
2093,3108,1
2094,2520,1
2094,2613,1
2095,2826,1
2096,2367,1
2096,2580,1
2099,2148,1
2099,2380,1
2099,2515,1
2099,3196,1
2099,3326,1
2101,2451,1
2102,2911,1
2102,3123,1
2103,2136,1
2103,2300,1
2103,2329,1
2104,2306,1
2104,2491,1
2104,2603,1
2105,2111,1
2106,2746,1
2106,3193,1
2107,2121,1
2107,2332,1
2107,2585,1
2107,2703,1
2107,2710,1
2107,3142,1
2107,3228,1
2108,2793,1
2109,3502,1
2110,2256,1
2110,3175,1
2110,3378,1
2112,2116,1
2115,2729,1
2117,3051,1
2117,3285,1
2118,2516,1
2119,3152,1
2120,3471,1
2121,2332,1
2121,2585,1
2121,2703,1
2121,2710,1
2121,3142,1
2121,3228,1
2122,2235,1
2122,2259,1
2123,2539,1
2125,2262,1
2125,3364,1
2125,3452,1
2127,2248,1
2128,3022,1
2131,3234,1
2132,2352,1
2132,3111,1
2132,3309,1
2132,3342,1
2132,3441,1
2133,2364,1
2133,2485,1
2134,2455,1
2134,3009,1
2136,2300,1
2136,2329,1
2137,2428,1
2137,3413,1
2138,2581,1
2139,2306,1
2140,2141,1
2140,2142,1
2140,2676,1
2140,2947,1
2140,3478,1
2141,2142,1
2141,2676,1
2141,2947,1
2142,2676,1
2142,2947,1
2143,3117,1
2143,3238,1
2143,3362,1
2144,2418,1
2144,2536,1
2145,3412,1
2145,3463,1
2146,2560,1
2147,3389,1
2148,2515,1
2148,2519,1
2148,3234,1
2149,3384,2
2151,3179,1
2154,2375,1
2154,3295,1
2156,2157,1
2156,2588,1
2156,2695,1
2156,2706,1
2156,2728,1
2156,2879,1
2156,2934,1
2156,3181,1
2156,3248,1
2156,3480,1
2157,2879,1
2157,3281,1
2158,2189,1
2160,3162,1
2162,2998,1
2162,3246,1
2166,2939,1
2167,2665,1
2168,3134,1
2168,3135,1
2171,2567,1
2172,2540,1
2172,3161,1
2176,2841,1
2176,2982,1
2176,3096,1
2176,3368,1
2177,2370,1
2177,2491,1
2179,2624,1
2181,2605,1
2181,2606,1
2190,2197,1
2190,2377,1
2190,2572,1
2190,3340,1
2193,2230,1
2193,2286,1
2193,2363,1
2193,2382,1
2193,2486,1
2193,2518,1
2193,2683,1
2193,2695,1
2193,2749,1
2193,2750,1
2193,2770,1
2193,2818,1
2193,2851,1
2193,2943,1
2193,3006,1
2193,3182,1
2193,3189,1
2193,3296,1
2193,3503,1
2193,3504,1
2194,2196,1
2194,2663,1
2194,2817,1
2195,3082,1
2196,2663,1
2196,2686,1
2196,2817,1
2196,3122,1
2197,2377,1
2197,2572,1
2197,3340,1
2200,2348,1
2200,2365,1
2200,2661,1
2200,2747,1
2201,2600,1
2201,2639,1
2201,2712,1
2201,3019,1
2203,2222,1
2206,2898,1
2206,3274,1
2208,2270,1
2208,2447,1
2209,3259,1
2211,2238,1
2211,2709,1
2211,3240,1
2212,2213,1
2212,2935,1
2212,3214,1
2213,2935,1
2213,3214,1
2214,2224,1
2214,2571,1
2214,2921,1
2215,2571,1
2215,3058,1
2215,3312,1
2215,3423,1
2217,3003,1
2218,2244,1
2218,2997,1
2218,3242,1
2219,2419,1
2219,2927,1
2220,2561,1
2221,3299,1
2222,2224,1
2222,2585,1
2222,2898,1
2222,3207,1
2222,3208,1
2224,2571,1
2224,2921,1
2225,3414,1
2226,3311,1
2227,2464,1
2227,2869,1
2228,2828,1
2228,3175,1
2229,2562,1
2230,2286,1
2230,2749,1
2230,2750,1
2231,2700,1
2231,2852,1
2231,2853,1
2232,2690,1
2232,3272,1
2233,2566,1
2234,2491,1
2234,3333,1
2235,2259,1
2236,2745,1
2236,3128,1
2236,3235,1
2237,2735,2
2237,3154,2
2238,2709,1
2238,3240,1
2239,2657,1
2239,2913,1
2240,2578,1
2240,2719,1
2240,2961,1
2240,2973,1
2240,3064,1
2240,3346,1
2243,2321,1
2244,2997,1
2244,3242,1
2245,2531,1
2246,2769,1
2246,3443,1
2247,2552,1
2247,3164,1
2247,3172,1
2248,2541,1
2248,2748,1
2250,2618,1
2250,2625,1
2251,3047,1
2252,2293,1
2252,2299,1
2253,2731,1
2254,2443,1
2254,2446,1
2254,2563,1
2254,2771,1
2254,2845,1
2254,2878,1
2254,2961,1
2254,3371,1
2254,3402,1
2255,2362,1
2255,2476,1
2256,3175,1
2256,3378,1
2257,3167,1
2260,2360,1
2260,2765,1
2262,3364,1
2262,3452,2
2263,2308,1
2263,2869,1
2264,2538,1
2265,2605,1
2265,3069,1
2268,2321,1
2268,2378,1
2268,2445,1
2268,2743,1
2268,2848,1
2268,2849,3
2268,2938,1
2268,3286,1
2270,2447,1
2271,3106,1
2271,3424,1
2272,2390,1
2274,3334,1
2274,3410,1
2276,2426,3
2277,2491,1
2280,3175,1
2280,3216,1
2280,3318,1
2281,2753,1
2281,2904,1
2282,2928,1
2283,2762,1
2283,3132,1
2283,3358,1
2284,2353,1
2284,2382,1
2284,2495,1
2284,2742,1
2286,2749,1
2286,2750,1
2287,2288,1
2287,2327,1
2287,2550,1
2287,2682,1
2288,2327,1
2288,2550,1
2288,2682,1
2288,3427,1
2289,2623,1
2290,2714,1
2292,2548,1
2293,2299,1
2296,2504,1
2296,3024,1
2296,3214,1
2297,2298,1
2300,2329,1
2301,3080,1
2302,2512,1
2302,2898,1
2302,3178,1
2303,2729,1
2305,2437,1
2305,3048,1
2305,3451,1
2306,2347,1
2306,2366,1
2306,2411,1
2306,2412,1
2306,2438,1
2306,2440,1
2306,2491,1
2306,2734,1
2306,2741,1
2306,2901,1
2306,3013,1
2306,3048,1
2306,3337,1
2308,2311,1
2308,2824,1
2308,2869,1
2309,2791,7
2310,2415,1
2310,2545,1
2311,2869,1
2313,2824,1
2313,2865,1
2314,2692,2
2314,3387,2
2315,2517,1
2315,3118,1
2315,3120,1
2316,3024,1
2316,3219,1
2316,3220,1
2317,2318,1
2317,2418,1
2317,2559,1
2317,2775,1
2317,2891,1
2317,3140,1
2317,3188,1
2318,2418,1
2318,2559,1
2318,2775,1
2318,2891,1
2318,3140,1
2318,3188,1
2319,2320,1
2321,2392,1
2321,2393,1
2321,2836,1
2326,3248,1
2327,2550,1
2327,2682,1
2328,2408,1
2331,2671,1
2332,2585,1
2332,2703,1
2332,2710,1
2332,3142,1
2332,3228,1
2333,2424,1
2333,2860,1
2334,2505,1
2334,2547,1
2334,3143,1
2334,3441,1
2336,2965,1
2336,3190,1
2337,2654,1
2337,2763,1
2337,3374,1
2338,2395,1
2338,2983,1
2339,2984,1
2339,3013,1
2340,3119,1
2341,2497,1
2342,2674,1
2342,2888,1
2342,2930,1
2342,3071,1
2342,3188,1
2342,3470,1
2344,3425,1
2345,2918,1
2345,3429,1
2346,2347,1
2346,2605,1
2347,2604,1
2347,2605,1
2348,2661,1
2348,2747,1
2350,3061,1
2352,3111,1
2352,3309,1
2352,3342,1
2352,3441,1
2353,2382,1
2353,2495,1
2353,2742,1
2354,3108,1
2356,2436,1
2356,2914,1
2357,3238,1
2358,2898,1
2360,2765,1
2362,2680,1
2363,2382,1
2363,2486,1
2363,2518,1
2364,2485,1
2366,2521,1
2366,2706,1
2366,2741,1
2366,2833,1
2366,2901,1
2366,2924,2
2366,2976,1
2366,2977,1
2366,3124,1
2367,2580,1
2368,2472,1
2368,2580,1
2368,3226,1
2368,3229,1
2368,3287,1
2370,2491,1
2371,3212,1
2371,3418,1
2372,2501,1
2373,2376,1
2375,3295,1
2377,2572,1
2377,3227,1
2377,3340,1
2377,3351,1
2378,2849,1
2380,2389,1
2380,2877,1
2380,2988,1
2380,3054,1
2380,3196,1
2380,3326,1
2380,3339,1
2382,2486,1
2382,2495,1
2382,2518,1
2382,2637,1
2382,2707,1
2382,2742,1
2382,2900,1
2382,3024,1
2382,3305,1
2383,2399,1
2383,2513,1
2384,3232,1
2386,3035,1
2387,2431,1
2387,3225,1
2387,3428,1
2388,3343,1
2389,2988,1
2389,3054,1
2390,2501,1
2390,2525,1
2392,2393,1
2392,2537,1
2392,2836,1
2392,2837,1
2393,2836,1
2394,2893,1
2394,3127,1
2395,2983,1
2396,2397,1
2398,2549,1
2399,2513,1
2400,2894,1
2400,2898,1
2401,2495,1
2401,3004,1
2401,3238,1
2404,3175,1
2406,3111,1
2406,3187,1
2406,3237,1
2407,2932,1
2407,2974,1
2407,3070,1
2409,2701,1
2409,3246,1
2409,3276,1
2410,3481,1
2410,3482,1
2411,2412,1
2414,2632,1
2414,3168,1
2415,2545,1
2417,3066,1
2417,3401,1
2418,2536,1
2418,2559,1
2418,2624,1
2418,2749,1
2418,2775,1
2418,2891,1
2418,2975,1
2418,3140,1
2418,3188,1
2418,3381,1
2418,3385,1
2419,2927,1
2421,2585,1
2421,2685,1
2421,2734,1
2421,3063,1
2421,3229,1
2422,2648,1
2422,2649,1
2422,3382,1
2423,2589,1
2423,3086,1
2424,2860,1
2425,3483,1
2426,2636,1
2427,2727,1
2428,3413,1
2431,3225,1
2431,3428,1
2432,2433,1
2434,2866,1
2435,2640,1
2435,2780,1
2435,3251,1
2436,2914,1
2437,2500,1
2437,2569,1
2437,2898,1
2437,3048,1
2437,3451,1
2438,2440,1
2438,3048,1
2439,2898,1
2440,3048,1
2441,2462,1
2442,3037,1
2442,3110,1
2443,2446,1
2443,2563,1
2443,2771,1
2443,2845,1
2443,2878,1
2443,2961,1
2443,3371,1
2443,3402,1
2445,2849,1
2445,2938,1
2445,3286,1
2446,2563,1
2446,2771,1
2446,2845,1
2446,2878,1
2446,2961,1
2446,3371,1
2446,3402,1
2449,3346,1
2455,3009,1
2457,2491,1
2457,3066,1
2457,3120,1
2457,3276,1
2461,2471,1
2464,2869,1
2465,2808,1
2466,2761,1
2466,2820,1
2467,3175,1
2470,2599,1
2472,2580,1
2472,3226,1
2472,3229,1
2472,3287,1
2481,2789,1
2481,3185,1
2482,2926,1
2483,3420,1
2484,2749,1
2486,2518,1
2487,2898,1
2488,2489,1
2488,3465,1
2488,3475,1
2489,3465,1
2489,3475,1
2491,2495,1
2491,2499,1
2491,2570,1
2491,2575,1
2491,2622,1
2491,2954,1
2491,2991,1
2491,3066,1
2491,3081,1
2491,3102,1
2491,3120,1
2491,3202,1
2491,3216,1
2491,3274,1
2491,3276,1
2491,3333,1
2491,3389,1
2491,3409,1
2491,3418,1
2495,2496,1
2495,2522,2
2495,2697,1
2495,2742,1
2495,2873,2
2495,2996,1
2495,3001,1
2495,3004,1
2495,3015,2
2495,3096,1
2495,3238,1
2495,3372,1
2499,2570,1
2499,3081,1
2499,3216,1
2500,2569,1
2501,3000,1
2501,3095,1
2501,3130,1
2501,3469,1
2502,2554,1
2502,2634,1
2502,3000,1
2502,3213,1
2503,3197,1
2503,3368,1
2504,3024,1
2504,3214,1
2505,2547,1
2505,3143,1
2505,3441,1
2507,3186,1
2507,3477,1
2509,3375,1
2511,3273,1
2511,3363,1
2512,2898,1
2512,2948,1
2512,3178,1
2514,3005,1
2516,2564,1
2517,3118,1
2517,3120,1
2517,3139,1
2520,2613,1
2521,2924,2
2522,3015,2
2522,3274,1
2523,3073,1
2523,3175,1
2523,3265,1
2526,2861,1
2532,2717,1
2532,2823,1
2534,3050,1
2535,2536,1
2535,2702,1
2537,2837,1
2540,3161,1
2541,2748,1
2544,2704,1
2546,2898,1
2547,3143,1
2547,3441,1
2549,3024,1
2550,2682,1
2552,3164,1
2552,3172,1
2554,2634,1
2554,3000,1
2554,3213,1
2556,3132,1
2556,3176,1
2557,3165,1
2559,2775,1
2559,2891,1
2559,3140,1
2559,3188,1
2563,2771,1
2563,2845,1
2563,2878,1
2563,2961,1
2563,3371,1
2563,3402,1
2568,3475,1
2570,3081,1
2570,3216,1
2570,3248,1
2571,2921,1
2572,3340,1
2574,3269,1
2575,2593,1
2575,3202,1
2575,3274,1
2576,3184,1
2577,2787,1
2577,2797,1
2577,2809,2
2577,2936,3
2577,2979,3
2577,3024,1
2577,3432,3
2577,3451,3
2578,2719,1
2578,2961,1
2578,2973,1
2578,3064,1
2578,3346,1
2580,3226,1
2580,3229,1
2580,3287,1
2582,2695,1
2583,3381,1
2584,2629,1
2584,3392,1
2585,2685,1
2585,2703,1
2585,2710,1
2585,2734,1
2585,2898,1
2585,3063,1
2585,3142,1
2585,3207,1
2585,3208,1
2585,3228,1
2585,3229,1
2585,3337,1
2586,2929,1
2586,3044,1
2586,3045,1
2587,3156,1
2587,3402,1
2588,2728,1
2588,2934,1
2588,3480,1
2589,2590,4
2589,2591,4
2589,3086,1
2589,3098,1
2589,3224,4
2590,2591,4
2590,2793,1
2590,3026,1
2590,3224,4
2591,3224,4
2592,2669,1
2592,3411,1
2594,2595,1
2594,3007,1
2594,3492,1
2595,3007,1
2595,3492,1
2600,2639,1
2600,2695,1
2600,2712,1
2600,2758,1
2600,3019,1
2600,3024,1
2605,2606,1
2605,3069,1
2605,3120,1
2607,3276,1
2609,3137,1
2610,3180,1
2611,3445,1
2612,2766,1
2616,3175,1
2617,2746,1
2618,2625,1
2618,2653,1
2618,2694,1
2618,3085,1
2618,3192,1
2618,3199,1
2620,2621,1
2620,2672,1
2621,2672,1
2622,3409,1
2624,2749,1
2624,2975,1
2624,3381,1
2624,3385,1
2626,3320,1
2627,3478,1
2628,2719,4
2628,3021,3
2628,3023,4
2628,3067,4
2628,3396,4
2628,3462,4
2629,3392,1
2630,2684,1
2632,2664,1
2632,3020,1
2632,3111,1
2632,3115,1
2632,3168,1
2634,3000,1
2634,3213,1
2635,3410,1
2637,2707,1
2639,2712,1
2639,3019,1
2640,2780,1
2640,3251,1
2641,2642,1
2641,2643,1
2641,2898,2
2642,2898,1
2643,2898,1
2644,2898,1
2646,2798,1
2648,2649,1
2652,2739,1
2652,2757,1
2652,2857,1
2653,2694,1
2653,3199,1
2654,2763,1
2654,3374,1
2655,2726,1
2656,2898,1
2657,2913,1
2660,2832,1
2660,3400,1
2661,2747,1
2663,2817,1
2664,3115,1
2666,2698,1
2666,3096,1
2666,3178,1
2667,2668,1
2669,3411,1
2670,2781,1
2670,2874,1
2670,2875,1
2674,2888,1
2674,2930,1
2674,3071,1
2674,3188,1
2674,3470,1
2676,2947,1
2677,3346,1
2678,2695,1
2680,2898,1
2680,3178,1
2680,3255,1
2680,3451,1
2683,2770,1
2683,2818,1
2683,2943,1
2683,3006,1
2685,2734,1
2685,3063,1
2685,3229,1
2686,3122,1
2687,3024,1
2688,3278,2
2690,3272,1
2692,3387,2
2693,3206,1
2694,3199,1
2695,2706,1
2695,2752,1
2695,2843,1
2695,2851,1
2695,2922,1
2695,2923,1
2695,3024,3
2695,3181,1
2695,3189,1
2695,3248,1
2695,3301,2
2695,3444,1
2695,3449,1
2698,3096,1
2698,3178,1
2700,2852,1
2700,2853,1
2701,3246,2
2701,3268,1
2701,3276,1
2702,3216,1
2702,3217,1
2702,3293,1
2702,3294,1
2703,2710,1
2703,2799,1
2703,3142,1
2703,3228,1
2704,2706,1
2706,2776,1
2706,2924,1
2706,2972,1
2706,3181,1
2706,3248,1
2709,3240,1
2710,3142,1
2710,3228,1
2712,3019,1
2716,2751,1
2716,3389,1
2717,2823,1
2719,2961,1
2719,2973,1
2719,3021,3
2719,3023,4
2719,3064,1
2719,3067,4
2719,3346,1
2719,3396,4
2719,3462,4
2720,3024,1
2721,3216,1
2724,3036,1
2724,3332,1
2726,2937,1
2728,2934,1
2728,3480,1
2730,2732,1
2733,3489,1
2734,3063,1
2734,3227,1
2734,3229,2
2734,3337,1
2735,3154,2
2737,2738,1
2737,2802,1
2737,2814,1
2737,2815,1
2737,3101,1
2739,2757,1
2739,2857,1
2740,2981,2
2741,2901,1
2741,2960,1
2743,2849,1
2745,3128,1
2745,3214,1
2745,3235,1
2746,3033,1
2746,3193,1
2749,2750,1
2749,2975,1
2749,3381,1
2749,3385,1
2751,3389,1
2752,3024,1
2752,3072,1
2752,3132,1
2753,2904,1
2754,2755,1
2757,2857,1
2761,2820,1
2762,3132,1
2762,3358,1
2763,3374,1
2768,3229,1
2769,3443,1
2770,2818,1
2770,2943,1
2770,3006,1
2771,2845,1
2771,2878,1
2771,2961,1
2771,3371,1
2771,3402,1
2774,2782,1
2774,3267,1
2775,2891,1
2775,3140,1
2775,3188,1
2776,2971,1
2776,2972,1
2776,3228,1
2780,3251,1
2781,2874,1
2781,2875,1
2782,3267,1
2785,2796,1
2785,3245,1
2785,3261,1
2787,2797,1
2787,2936,1
2787,2979,1
2787,3024,1
2787,3432,1
2787,3451,1
2788,3243,1
2789,3185,1
2790,2792,1
2793,2794,1
2793,2819,1
2793,3031,1
2793,3383,1
2793,3391,1
2794,2819,1
2794,3031,1
2794,3383,1
2794,3391,1
2796,3245,1
2796,3261,1
2797,2936,1
2797,2979,1
2797,3024,1
2797,3432,1
2797,3451,1
2802,2814,1
2802,2815,1
2802,3101,1
2804,3266,1
2805,2808,1
2809,2936,2
2809,2979,2
2809,3432,2
2809,3451,2
2810,2824,1
2812,3206,1
2812,3475,1
2814,2815,1
2814,3101,1
2815,3101,1
2816,3440,1
2818,2943,1
2818,3006,1
2819,3031,1
2819,3383,1
2819,3391,1
2820,2898,1
2820,3274,1
2820,3276,1
2820,3417,1
2821,2898,1
2824,2865,1
2828,3175,1
2831,2834,1
2832,3400,1
2833,2976,1
2833,2977,1
2833,3124,1
2835,2955,1
2835,3042,1
2835,3456,1
2840,3135,1
2841,2982,1
2841,3096,1
2841,3368,1
2845,2878,1
2845,2961,1
2845,3371,1
2845,3402,1
2846,3365,1
2846,3366,1
2849,2938,1
2849,3286,1
2851,3189,1
2852,2853,2
2856,2969,1
2856,3288,1
2867,3359,1
2867,3416,1
2869,3249,1
2872,3119,1
2872,3220,1
2874,2875,1
2877,3339,1
2878,2961,1
2878,3371,1
2878,3402,1
2880,3298,1
2881,3447,1
2883,2952,1
2884,3175,1
2885,3209,1
2887,2968,1
2888,2930,1
2888,3071,1
2888,3188,1
2888,3470,1
2889,3320,1
2889,3322,1
2889,3323,1
2891,3140,1
2891,3188,1
2892,3350,1
2893,3127,1
2894,2898,1
2895,2896,1
2897,2898,1
2898,2899,1
2898,2901,1
2898,2907,1
2898,2970,2
2898,3018,1
2898,3057,2
2898,3083,1
2898,3178,2
2898,3207,1
2898,3208,1
2898,3255,1
2898,3304,1
2898,3448,1
2898,3451,1
2901,3048,1
2902,2992,1
2903,3320,1
2906,2907,1
2907,3144,1
2907,3321,1
2908,2909,1
2915,3240,1
2916,2993,1
2918,3429,1
2922,2923,1
2922,3444,1
2922,3449,1
2923,3444,1
2923,3449,1
2925,3390,1
2930,3071,1
2930,3188,1
2930,3470,1
2932,2974,1
2932,3070,1
2934,3480,1
2935,3214,1
2936,2979,3
2936,3024,1
2936,3432,3
2936,3451,3
2938,3286,1
2943,3006,1
2944,3279,1
2944,3283,1
2945,3221,2
2955,3042,1
2955,3456,1
2956,3057,1
2961,2973,1
2961,3064,1
2961,3346,1
2961,3371,1
2961,3402,1
2965,3190,1
2969,3275,1
2969,3288,1
2970,3057,2
2973,3064,1
2973,3346,1
2974,3070,1
2975,3381,1
2975,3385,1
2976,2977,1
2976,3124,1
2977,3124,1
2979,3024,1
2979,3432,3
2979,3451,3
2982,3096,1
2982,3368,1
2984,3013,1
2988,3054,1
2990,3380,1
2997,3242,1
2998,3246,1
2999,3319,1
3000,3095,2
3000,3213,1
3004,3238,1
3007,3492,1
3008,3016,1
3011,3160,1
3013,3016,1
3013,3218,1
3016,3218,1
3017,3271,1
3020,3111,1
3021,3023,3
3021,3067,3
3021,3396,3
3021,3462,3
3023,3067,4
3023,3396,4
3023,3462,4
3024,3135,1
3024,3175,1
3024,3214,1
3024,3219,1
3024,3220,1
3024,3432,1
3024,3445,1
3024,3451,1
3024,3454,1
3029,3030,1
3029,3464,1
3031,3383,1
3031,3391,1
3032,3398,1
3036,3332,1
3037,3110,1
3038,3279,1
3042,3456,1
3044,3045,1
3048,3451,1
3051,3285,1
3052,3341,1
3052,3433,1
3053,3241,1
3055,3372,1
3058,3312,1
3058,3388,1
3058,3423,1
3060,3479,1
3062,3451,1
3063,3229,1
3064,3346,1
3066,3120,1
3066,3276,1
3066,3401,1
3067,3396,4
3067,3462,4
3071,3188,1
3071,3470,1
3073,3175,1
3073,3264,1
3073,3265,1
3074,3103,1
3081,3216,1
3084,3254,1
3085,3192,1
3091,3403,1
3093,3113,1
3093,3211,1
3096,3178,1
3096,3233,1
3096,3368,1
3097,3450,1
3111,3309,1
3111,3342,1
3111,3441,1
3113,3211,1
3114,3116,1
3115,3135,1
3117,3238,1
3117,3362,1
3118,3120,1
3119,3220,1
3120,3276,2
3128,3235,1
3132,3176,1
3132,3358,1
3133,3445,1
3133,3465,1
3135,3386,1
3138,3389,1
3140,3188,1
3141,3437,1
3142,3228,1
3143,3441,1
3145,3150,1
3151,3405,1
3151,3406,1
3153,3313,1
3155,3404,1
3156,3402,1
3157,3369,1
3164,3172,1
3169,3216,1
3170,3171,1
3173,3214,1
3175,3200,1
3175,3209,1
3175,3216,1
3175,3265,1
3175,3306,1
3175,3318,1
3175,3378,1
3175,3422,1
3175,3445,1
3178,3255,1
3178,3451,1
3181,3248,1
3186,3477,1
3187,3237,1
3188,3470,1
3191,3310,1
3196,3326,1
3197,3368,1
3198,3250,1
3202,3274,1
3206,3475,1
3207,3208,1
3212,3418,1
3213,3312,1
3214,3216,2
3214,3231,1
3214,3353,1
3216,3217,1
3216,3231,1
3216,3293,1
3216,3294,1
3216,3318,1
3217,3293,1
3217,3294,1
3219,3220,1
3225,3428,1
3226,3229,1
3226,3287,1
3227,3228,1
3227,3229,1
3227,3337,1
3227,3351,1
3229,3287,1
3229,3337,1
3238,3362,1
3245,3261,1
3246,3268,1
3246,3276,1
3255,3451,1
3257,3430,1
3265,3292,1
3273,3363,1
3274,3276,1
3274,3417,1
3276,3417,1
3279,3283,1
3280,3282,1
3280,3283,1
3282,3283,1
3293,3294,1
3297,3376,1
3309,3342,1
3309,3441,1
3312,3423,1
3316,3317,1
3320,3321,1
3320,3322,1
3320,3323,1
3320,3408,1
3322,3323,1
3329,3343,1
3329,3345,1
3329,3346,1
3330,3331,1
3334,3410,1
3341,3433,1
3342,3441,1
3343,3345,1
3343,3349,1
3355,3372,1
3359,3416,1
3364,3452,1
3365,3366,1
3371,3402,1
3381,3385,1
3383,3391,1
3396,3462,4
3405,3406,1
3412,3463,1
3423,3442,1
3423,3444,1
3432,3451,3
3438,3439,3
3444,3449,1
3445,3446,1
3445,3465,1
3457,3458,1
3457,3459,1
3457,3460,1
3458,3459,1
3458,3460,1
3459,3460,1
3465,3473,1
3465,3475,2
3473,3475,1
3475,3476,1
3481,3482,1
3483,3487,1
3484,3485,1
3488,3490,1
3491,3494,1
3493,3495,1
3497,3498,1
3500,3501,1
3500,3504,1
3500,3505,1
3500,3506,1
3500,3507,1
3501,3502,1
3501,3504,1
3502,3504,1
3503,3504,1
3505,3506,1
3505,3507,1
3506,3507,1
